-- phpMyAdmin SQL Dump
-- version 5.1.1
-- https://www.phpmyadmin.net/
--
-- ホスト: 127.0.0.1
-- 生成日時: 2021-08-13 09:53:46
-- サーバのバージョン： 10.4.20-MariaDB
-- PHP のバージョン: 7.4.21

SET SQL_MODE = "NO_AUTO_VALUE_ON_ZERO";
START TRANSACTION;
SET time_zone = "+00:00";


/*!40101 SET @OLD_CHARACTER_SET_CLIENT=@@CHARACTER_SET_CLIENT */;
/*!40101 SET @OLD_CHARACTER_SET_RESULTS=@@CHARACTER_SET_RESULTS */;
/*!40101 SET @OLD_COLLATION_CONNECTION=@@COLLATION_CONNECTION */;
/*!40101 SET NAMES utf8mb4 */;

--
-- データベース: `sen-ken`
--

-- --------------------------------------------------------

--
-- テーブルの構造 `answer_table`
--

CREATE TABLE `answer_table` (
  `ans_id` int(11) NOT NULL,
  `ball_id` int(11) NOT NULL,
  `yolo_video_id` int(11) NOT NULL,
  `user_id` int(11) NOT NULL,
  `ans_X_coordinate` double NOT NULL,
  `ans_Y_coordinate` double NOT NULL,
  `button_id` int(11) NOT NULL,
  `judge` int(11) NOT NULL,
  `datetime` datetime NOT NULL
) ENGINE=InnoDB DEFAULT CHARSET=latin1;

--
-- テーブルのデータのダンプ `answer_table`
--

INSERT INTO `answer_table` (`ans_id`, `ball_id`, `yolo_video_id`, `user_id`, `ans_X_coordinate`, `ans_Y_coordinate`, `button_id`, `judge`, `datetime`) VALUES
(1, 1, 1, 1, 0.3, 0.3, 1, 0, '2021-04-09 00:00:00'),
(2, 1, 2, 1, 0.3, 0.3, 1, 0, '2021-04-09 16:05:00'),
(3, 1, 3, 1, 0.9, 0.7, 9, 0, '2021-04-09 16:05:00'),
(4, 1, 4, 2, 0.3, 0.3, 1, 0, '2021-04-09 16:05:00'),
(5, 1, 1, 1, 1, 1, 2, 0, '2021-04-30 16:00:20'),
(6, 1, 1, 1, 1, 1, 2, 0, '2021-04-30 19:02:54'),
(7, 1, 1, 1, 1, 1, 2, 0, '2021-04-30 19:03:37'),
(8, 1, 1, 1, 1, 1, 1, 0, '2021-04-30 19:05:13'),
(9, 1, 1, 1, 1, 1, 1, 0, '2021-04-30 19:06:09'),
(10, 1, 1, 1, 1, 1, 1, 0, '2021-04-30 19:08:19'),
(11, 1, 1, 1, 1, 1, 1, 0, '2021-04-30 19:10:31'),
(12, 1, 1, 1, 1, 1, 1, 0, '2021-04-30 19:11:52'),
(13, 1, 3, 1, 1, 1, 3, 0, '2021-05-05 14:39:34'),
(14, 1, 3, 1, 1, 1, 2, 0, '2021-05-05 14:42:12'),
(15, 1, 3, 1, 1, 1, 4, 0, '2021-05-05 14:45:05'),
(16, 1, 3, 1, 1, 1, 4, 0, '2021-05-05 14:46:12'),
(17, 1, 3, 1, 1, 1, 2, 0, '2021-05-05 14:51:17'),
(18, 1, 2, 1, 1, 1, 4, 0, '2021-05-05 14:52:29'),
(19, 1, 2, 1, 1, 1, 4, 0, '2021-05-05 14:53:14'),
(20, 1, 2, 1, 1, 1, 3, 0, '2021-05-05 14:53:32'),
(21, 1, 3, 1, 1, 1, 1, 0, '2021-05-05 14:54:21'),
(22, 1, 3, 1, 1, 1, 2, 0, '2021-05-05 14:54:41'),
(23, 1, 1, 1, 1, 1, 1, 0, '2021-05-05 14:55:07'),
(24, 1, 4, 1, 1, 1, 2, 0, '2021-05-05 14:55:20'),
(26, 1, 2, 1, 1, 1, 4, 0, '2021-05-05 14:55:51'),
(27, 1, 2, 1, 1, 1, 4, 0, '2021-05-05 14:56:08'),
(28, 1, 2, 1, 1, 1, 4, 0, '2021-05-05 14:56:09'),
(29, 1, 2, 1, 1, 1, 1, 0, '2021-05-05 14:56:34'),
(30, 1, 3, 1, 1, 1, 1, 0, '2021-05-05 15:05:59'),
(31, 1, 4, 1, 1, 1, 2, 0, '2021-05-05 15:06:29'),
(32, 1, 3, 1, 1, 1, 1, 0, '2021-05-05 15:07:37'),
(33, 1, 2, 1, 1, 1, 1, 0, '2021-05-05 15:22:57'),
(34, 1, 2, 1, 1, 1, 2, 0, '2021-05-05 15:24:57'),
(35, 1, 2, 1, 1, 1, 1, 0, '2021-05-05 15:25:00'),
(36, 1, 1, 1, 1, 1, 1, 0, '2021-05-05 15:25:06'),
(37, 1, 3, 1, 1, 1, 3, 0, '2021-05-05 15:26:21'),
(38, 1, 3, 1, 1, 1, 3, 0, '2021-05-05 15:26:46'),
(39, 1, 4, 1, 1, 1, 1, 0, '2021-05-05 15:28:03'),
(40, 1, 1, 1, 1, 1, 3, 0, '2021-05-05 15:28:16'),
(41, 1, 3, 1, 1, 1, 1, 0, '2021-05-05 15:35:02'),
(42, 1, 3, 1, 1, 1, 1, 0, '2021-05-05 15:35:30'),
(43, 1, 4, 1, 1, 1, 3, 0, '2021-05-05 15:35:48'),
(44, 1, 2, 1, 1, 1, 1, 0, '2021-05-05 15:35:59'),
(45, 1, 2, 1, 1, 1, 1, 0, '2021-05-05 15:36:00'),
(46, 1, 2, 1, 1, 1, 1, 0, '2021-05-05 15:36:05'),
(47, 1, 4, 1, 1, 1, 1, 0, '2021-05-05 15:36:45'),
(48, 1, 2, 1, 1, 1, 4, 0, '2021-05-05 15:37:09'),
(49, 1, 3, 1, 1, 1, 3, 0, '2021-05-05 15:37:45'),
(50, 1, 3, 1, 1, 1, 1, 0, '2021-05-05 15:40:28'),
(51, 1, 4, 1, 1, 1, 1, 0, '2021-05-05 15:40:46'),
(52, 1, 1, 1, 1, 1, 1, 0, '2021-05-05 15:41:38'),
(53, 1, 2, 1, 1, 1, 2, 0, '2021-05-05 15:41:53'),
(54, 1, 1, 1, 1, 1, 1, 0, '2021-05-05 15:44:03'),
(55, 1, 2, 1, 1, 1, 4, 0, '2021-05-05 15:44:17'),
(56, 1, 1, 1, 1, 1, 1, 0, '2021-05-05 15:46:43'),
(57, 1, 2, 1, 1, 1, 4, 0, '2021-05-05 15:46:57'),
(58, 1, 1, 1, 1, 1, 2, 0, '2021-05-05 15:48:30'),
(59, 1, 4, 1, 1, 1, 3, 0, '2021-05-05 15:52:27'),
(60, 1, 1, 1, 1, 1, 1, 0, '2021-05-05 15:52:44'),
(61, 1, 2, 1, 1, 1, 3, 0, '2021-05-05 15:54:12'),
(62, 1, 3, 1, 1, 1, 2, 0, '2021-05-05 15:54:29'),
(63, 1, 2, 1, 1, 1, 1, 0, '2021-05-05 16:04:20'),
(64, 1, 1, 1, 1, 1, 1, 0, '2021-05-05 16:04:37'),
(65, 1, 2, 1, 1, 1, 1, 0, '2021-05-05 16:05:26'),
(66, 1, 2, 1, 1, 1, 3, 0, '2021-05-05 16:06:13'),
(67, 1, 1, 1, 1, 1, 4, 0, '2021-05-05 16:06:26'),
(68, 1, 2, 1, 1, 1, 3, 0, '2021-05-05 16:14:21'),
(69, 1, 1, 1, 1, 1, 1, 0, '2021-05-05 16:14:53'),
(70, 1, 3, 1, 1, 1, 1, 0, '2021-05-05 16:15:27'),
(71, 1, 1, 1, 1, 1, 1, 0, '2021-05-05 16:16:00'),
(72, 1, 2, 1, 1, 1, 3, 0, '2021-05-05 16:16:58'),
(73, 1, 4, 1, 1, 1, 1, 0, '2021-05-05 16:17:14'),
(74, 1, 3, 1, 1, 1, 3, 0, '2021-05-05 16:17:29'),
(75, 1, 2, 1, 1, 1, 3, 0, '2021-05-05 16:18:06'),
(76, 1, 1, 1, 1, 1, 1, 0, '2021-05-05 16:18:18'),
(77, 1, 4, 1, 1, 1, 1, 0, '2021-05-05 16:18:30'),
(78, 1, 3, 1, 1, 1, 1, 0, '2021-05-05 16:18:39'),
(79, 1, 3, 1, 1, 1, 1, 0, '2021-05-05 16:18:45'),
(80, 1, 4, 1, 1, 1, 1, 0, '2021-05-05 16:19:16'),
(81, 1, 3, 1, 1, 1, 1, 0, '2021-05-05 16:19:35'),
(82, 1, 1, 1, 1, 1, 1, 0, '2021-05-05 16:19:50'),
(83, 1, 2, 1, 1, 1, 3, 0, '2021-05-05 16:20:45'),
(84, 1, 4, 1, 1, 1, 1, 0, '2021-05-05 16:25:02'),
(85, 1, 2, 1, 1, 1, 1, 0, '2021-05-07 13:17:10'),
(86, 1, 1, 1, 1, 1, 3, 0, '2021-05-07 14:31:20'),
(87, 1, 1, 1, 1, 1, 2, 0, '2021-05-07 14:31:54'),
(88, 1, 1, 1, 1, 1, 2, 0, '2021-05-07 14:31:56'),
(89, 1, 4, 1, 1, 1, 3, 0, '2021-05-07 14:39:06'),
(90, 1, 1, 1, 1, 1, 2, 0, '2021-05-07 14:45:20'),
(91, 1, 1, 1, 1, 1, 3, 0, '2021-05-07 14:45:21'),
(92, 1, 4, 1, 1, 1, 3, 0, '2021-05-07 14:52:13'),
(93, 1, 1, 1, 1, 1, 3, 0, '2021-05-09 12:16:32'),
(94, 1, 4, 1, 1, 1, 4, 0, '2021-05-30 20:01:33'),
(95, 1, 1, 1, 1, 1, 1, 0, '2021-05-30 20:01:49'),
(96, 1, 2, 1, 1, 1, 3, 0, '2021-05-30 20:02:02'),
(97, 1, 3, 1, 1, 1, 2, 0, '2021-05-30 20:02:20'),
(98, 1, 1, 1, 1, 1, 1, 0, '2021-06-02 17:04:35'),
(99, 1, 1, 1, 1, 1, 1, 0, '2021-06-02 17:04:54'),
(100, 1, 6, 1, 1, 1, 1, 0, '2021-06-02 17:05:02'),
(101, 1, 6, 1, 1, 1, 1, 0, '2021-06-02 17:05:08'),
(102, 1, 8, 1, 1, 1, 1, 0, '2021-06-02 17:06:53'),
(103, 1, 5, 1, 1, 1, 1, 0, '2021-06-02 17:09:27'),
(104, 1, 1, 1, 1, 1, 1, 0, '2021-06-02 17:10:26'),
(105, 1, 5, 1, 1, 1, 1, 0, '2021-06-02 17:11:17'),
(106, 1, 5, 1, 1, 1, 1, 0, '2021-06-02 17:11:25'),
(107, 1, 6, 1, 1, 1, 1, 0, '2021-06-02 17:11:44'),
(108, 1, 6, 1, 1, 1, 1, 0, '2021-06-02 17:25:44'),
(109, 1, 4, 1, 1, 1, 1, 0, '2021-06-02 17:25:55'),
(110, 1, 1, 1, 1, 1, 1, 0, '2021-06-02 17:26:07'),
(111, 1, 1, 1, 1, 1, 1, 0, '2021-06-02 17:26:10'),
(112, 1, 3, 1, 1, 1, 1, 0, '2021-06-02 17:26:19'),
(113, 1, 7, 1, 1, 1, 1, 0, '2021-06-02 17:26:45'),
(114, 1, 2, 1, 1, 1, 1, 0, '2021-06-02 17:26:57'),
(115, 1, 2, 1, 1, 1, 1, 0, '2021-06-02 17:28:39'),
(116, 1, 8, 1, 1, 1, 1, 0, '2021-06-02 17:29:00'),
(117, 1, 6, 1, 1, 1, 1, 0, '2021-06-02 17:29:43'),
(118, 1, 7, 1, 1, 1, 1, 0, '2021-06-02 17:30:19'),
(119, 1, 1, 1, 1, 1, 1, 1, '2021-06-04 14:32:21'),
(120, 1, 7, 1, 1, 1, 1, 1, '2021-06-04 14:32:46'),
(121, 1, 8, 1, 1, 1, 1, 1, '2021-06-04 14:33:57'),
(122, 1, 7, 1, 1, 1, 1, 1, '2021-06-04 15:36:01'),
(123, 1, 4, 1, 1, 1, 1, 1, '2021-06-04 15:44:19'),
(124, 1, 6, 1, 1, 1, 1, 1, '2021-06-04 15:45:19'),
(125, 1, 7, 1, 1, 1, 4, 1, '2021-06-04 15:46:13'),
(126, 1, 8, 1, 1, 1, 1, 1, '2021-06-04 15:53:08'),
(127, 1, 3, 1, 1, 1, 1, 1, '2021-06-04 16:07:42'),
(128, 1, 1, 1, 1, 1, 2, 0, '2021-06-04 16:08:28'),
(129, 1, 7, 1, 1, 1, 1, 1, '2021-06-04 16:08:56'),
(130, 1, 2538, 1, 1, 1, 2, 0, '2021-06-16 12:48:41'),
(131, 1, 2528, 1, 1, 1, 1, 0, '2021-06-16 12:53:56'),
(132, 1, 2525, 1, 1, 1, 3, 0, '2021-06-16 12:54:07'),
(133, 1, 2513, 1, 1, 1, 3, 0, '2021-06-16 15:09:15'),
(134, 1, 2498, 1, 1, 1, 1, 0, '2021-06-16 15:09:53'),
(135, 1, 2531, 1, 1, 1, 3, 0, '2021-06-16 16:15:44'),
(136, 1, 3216, 1, 1, 1, 4, 0, '2021-06-18 14:21:48'),
(137, 1, 3239, 1, 1, 1, 4, 0, '2021-06-18 14:24:38'),
(138, 1, 3800, 1, 1, 1, 3, 0, '2021-06-18 14:28:11'),
(139, 1, 3800, 1, 1, 1, 3, 0, '2021-06-18 14:28:11'),
(140, 1, 3903, 1, 1, 1, 1, 0, '2021-06-18 14:28:18'),
(141, 1, 3820, 1, 1, 1, 1, 0, '2021-06-18 14:28:25'),
(142, 1, 3812, 1, 1, 1, 1, 0, '2021-06-18 14:28:38'),
(143, 1, 3889, 1, 1, 1, 1, 0, '2021-06-18 14:28:46'),
(144, 1, 3828, 1, 1, 1, 1, 0, '2021-06-18 15:50:47'),
(145, 1, 4062, 1, 1, 1, 3, 0, '2021-06-19 14:19:17'),
(146, 1, 4222, 1, 1, 1, 4, 0, '2021-06-19 14:19:31'),
(147, 1, 4181, 1, 1, 1, 1, 0, '2021-06-19 14:19:40'),
(148, 1, 4177, 1, 1, 1, 2, 0, '2021-06-19 14:19:47'),
(149, 1, 4117, 1, 1, 1, 3, 0, '2021-06-19 14:20:41'),
(150, 1, 4080, 1, 1, 1, 3, 0, '2021-06-19 14:21:48'),
(151, 1, 6587, 1, 1, 1, 4, 0, '2021-06-24 14:09:23'),
(152, 1, 6587, 1, 1, 1, 1, 0, '2021-06-24 14:09:57'),
(153, 1, 6587, 1, 1, 1, 4, 0, '2021-06-24 14:21:54'),
(154, 1, 6587, 1, 1, 1, 3, 0, '2021-06-24 14:22:31'),
(155, 1, 6338, 9, 0, 0, 8, 0, '2021-07-01 14:35:44'),
(156, 1, 6338, 9, 0, 0, 9, 1, '2021-07-01 14:35:45'),
(157, 1, 6338, 9, 0, 0, 6, 1, '2021-07-01 14:35:45'),
(158, 1, 6338, 9, 0, 0, 5, 1, '2021-07-01 14:35:46'),
(159, 1, 6338, 9, 0, 0, 8, 1, '2021-07-01 14:35:46'),
(160, 1, 6361, 9, 0, 0, 5, 0, '2021-07-01 14:36:37'),
(161, 1, 6361, 9, 0, 0, 9, 1, '2021-07-01 14:36:39'),
(162, 1, 6351, 9, 0, 0, 6, 1, '2021-07-01 14:36:49'),
(163, 1, 6351, 9, 0, 0, 6, 1, '2021-07-01 14:36:49'),
(164, 1, 6351, 9, 0, 0, 4, 1, '2021-07-01 19:02:31'),
(165, 1, 6355, 1, 0, 0, 1, 0, '2021-07-02 19:29:45'),
(166, 1, 6355, 1, 0, 0, 1, 0, '2021-07-02 19:29:46'),
(167, 1, 6355, 1, 0, 0, 5, 0, '2021-07-02 20:38:04'),
(168, 1, 310, 9, 0, 0, 9, 1, '2021-07-03 19:49:43'),
(169, 1, 233, 9, 0, 0, 6, 1, '2021-07-03 19:49:57'),
(170, 1, 6366, 9, 0, 0, 5, 1, '2021-07-03 20:58:59'),
(171, 1, 14, 9, 0, 0, 5, 0, '2021-07-03 21:11:33'),
(172, 1, 129, 9, 0, 0, 6, 1, '2021-07-04 09:41:18'),
(173, 1, 130, 9, 0, 0, 6, 1, '2021-07-04 09:41:32'),
(174, 1, 135, 9, 0, 0, 5, 1, '2021-07-04 09:41:45'),
(175, 1, 149, 9, 0, 0, 7, 0, '2021-07-04 09:42:05'),
(176, 1, 169, 1, 0, 0, 6, 0, '2021-07-04 18:57:46'),
(177, 1, 165, 1, 0, 0, 9, 1, '2021-07-04 18:58:04'),
(178, 1, 133, 1, 0, 0, 6, 1, '2021-07-04 18:58:19'),
(179, 1, 145, 1, 0, 0, 6, 1, '2021-07-04 18:58:42'),
(180, 1, 169, 1, 0, 0, 9, 1, '2021-07-04 18:58:55'),
(181, 1, 154, 1, 0, 0, 6, 1, '2021-07-04 19:02:59'),
(182, 1, 159, 1, 0, 0, 8, 1, '2021-07-04 19:03:15'),
(183, 1, 165, 1, 0, 0, 6, 0, '2021-07-04 19:03:30'),
(184, 1, 148, 1, 0, 0, 6, 1, '2021-07-04 19:03:47'),
(185, 1, 155, 1, 0, 0, 6, 1, '2021-07-04 19:04:00'),
(186, 1, 145, 1, 0, 0, 9, 1, '2021-07-04 19:04:11'),
(187, 1, 168, 1, 0, 0, 6, 1, '2021-07-04 19:04:25'),
(188, 1, 158, 1, 0, 0, 5, 1, '2021-07-04 19:04:39'),
(189, 1, 129, 1, 0, 0, 5, 0, '2021-07-04 19:04:55'),
(190, 1, 134, 1, 0, 0, 9, 0, '2021-07-04 19:05:10'),
(191, 1, 123, 1, 0, 0, 9, 1, '2021-07-04 19:05:27'),
(192, 1, 169, 1, 0, 0, 9, 1, '2021-07-04 19:05:43'),
(193, 1, 147, 1, 0, 0, 6, 1, '2021-07-04 19:05:56'),
(194, 1, 132, 1, 0, 0, 6, 1, '2021-07-04 19:06:01'),
(195, 1, 145, 1, 0, 0, 6, 1, '2021-07-05 18:54:31'),
(196, 1, 109, 1, 0, 0, 5, 1, '2021-07-05 18:55:13'),
(197, 1, 60, 9, 0, 0, 4, 0, '2021-07-05 18:56:32'),
(198, 1, 2600, 1, -1, -1, 2, 0, '2021-08-09 18:47:29'),
(199, 1, 2499, 1, -1, -1, 4, 0, '2021-08-09 19:03:14'),
(200, 1, 1767, 1, 0.055695, 0.994985, 7, 1, '2021-08-09 19:03:27'),
(201, 1, 1795, 1, 0.4722, 0.450899, 4, 1, '2021-08-09 19:03:37'),
(202, 1, 1796, 1, 0.497531, 0.470998, 6, 0, '2021-08-09 19:03:51'),
(203, 1, 1788, 1, 0.503734, 0.466628, 4, 0, '2021-08-09 19:04:04'),
(204, 1, 2467, 1, -1, -1, 1, 0, '2021-08-09 19:04:25'),
(205, 1, 2583, 1, -1, -1, 1, 0, '2021-08-09 19:08:12'),
(206, 1, 1759, 1, 0.722404, 0.550274, 6, 1, '2021-08-09 19:08:24'),
(207, 1, 1997, 1, -1, -1, 9, 1, '2021-08-09 19:12:42'),
(208, 1, 1747, 1, 0.588341, 0.433298, 6, 1, '2021-08-09 19:12:54'),
(209, 1, 1793, 1, 0.022627, 0.740993, 7, 1, '2021-08-09 19:13:05'),
(210, 1, 2547, 1, -1, -1, 7, 1, '2021-08-09 19:28:38'),
(211, 1, 1907, 1, 0.435891, 0.322865, 7, 0, '2021-08-09 19:28:52'),
(212, 1, 1915, 1, 0.402707, 0.598594, 1, 0, '2021-08-12 14:10:06');

-- --------------------------------------------------------

--
-- テーブルの構造 `users`
--

CREATE TABLE `users` (
  `id` int(11) NOT NULL,
  `player_id` int(11) NOT NULL,
  `ball_id` int(11) NOT NULL,
  `name` varchar(11) NOT NULL
) ENGINE=InnoDB DEFAULT CHARSET=utf8mb4;

--
-- テーブルのデータのダンプ `users`
--

INSERT INTO `users` (`id`, `player_id`, `ball_id`, `name`) VALUES
(1, 1, 1, '安西'),
(2, 2, 1, '花道'),
(3, 3, 1, '流川'),
(4, 4, 1, '仙道'),
(5, 5, 1, '板垣'),
(6, 6, 1, '横山'),
(7, 7, 1, '照本'),
(8, 8, 1, '迅'),
(9, 9, 1, '中川'),
(10, 10, 1, '山下'),
(11, 1, 2, 'あ'),
(12, 2, 2, 'い'),
(13, 3, 2, 'う'),
(14, 4, 2, 'え'),
(15, 5, 2, 'お'),
(16, 6, 2, 'か'),
(17, 7, 2, 'き'),
(18, 8, 2, 'く'),
(19, 9, 2, 'け'),
(20, 10, 2, 'こ'),
(21, 1, 3, 'さ'),
(22, 2, 3, 'し'),
(23, 3, 3, 'す'),
(24, 4, 3, 'せ'),
(25, 5, 3, 'そ'),
(26, 6, 3, 'た'),
(27, 7, 3, 'ち'),
(28, 8, 3, 'つ'),
(29, 9, 3, 'て'),
(30, 10, 3, 'と');

-- --------------------------------------------------------

--
-- テーブルの構造 `yolo_video_table`
--

CREATE TABLE `yolo_video_table` (
  `video_id` int(11) NOT NULL,
  `frame1` int(11) NOT NULL,
  `frame2` int(11) NOT NULL,
  `ball_id` int(11) NOT NULL,
  `player_id` int(11) NOT NULL,
  `ans_id` int(11) NOT NULL,
  `x_coordinate` float NOT NULL,
  `y_coordinate` float NOT NULL,
  `video_path` varchar(65) CHARACTER SET utf8 COLLATE utf8_bin NOT NULL,
  `yolo_flag` int(11) NOT NULL
) ENGINE=InnoDB DEFAULT CHARSET=utf8mb4;

--
-- テーブルのデータのダンプ `yolo_video_table`
--

INSERT INTO `yolo_video_table` (`video_id`, `frame1`, `frame2`, `ball_id`, `player_id`, `ans_id`, `x_coordinate`, `y_coordinate`, `video_path`, `yolo_flag`) VALUES
(1710, 730, 775, 1, 1, 5, 0.591109, 0.505117, '../2021SEN_KEN/volleyball/01/IMG_0564.MOV', 1),
(1711, 637, 682, 1, 1, 5, 0.613359, 0.497093, '../2021SEN_KEN/volleyball/01/IMG_0565.MOV', 1),
(1712, 1074, 1119, 1, 1, 8, 0.558661, 0.975357, '../2021SEN_KEN/volleyball/01/IMG_0566.MOV', 1),
(1713, 946, 991, 1, 1, 5, 0.493272, 0.51904, '../2021SEN_KEN/volleyball/01/IMG_0568.MOV', 1),
(1714, 894, 939, 1, 1, 5, 0.539158, 0.51766, '../2021SEN_KEN/volleyball/01/IMG_0569.MOV', 1),
(1715, 874, 919, 1, 1, 8, 0.630707, 0.97987, '../2021SEN_KEN/volleyball/01/IMG_0570.MOV', 1),
(1716, 862, 907, 1, 1, 5, 0.494927, 0.505308, '../2021SEN_KEN/volleyball/01/IMG_0571.MOV', 1),
(1717, 798, 843, 1, 1, 5, 0.459327, 0.518422, '../2021SEN_KEN/volleyball/01/IMG_0572.MOV', 1),
(1718, 940, 985, 1, 1, 5, 0.498642, 0.516149, '../2021SEN_KEN/volleyball/01/IMG_0573.MOV', 1),
(1719, 838, 883, 1, 1, 5, 0.417492, 0.510116, '../2021SEN_KEN/volleyball/01/IMG_0574.MOV', 1),
(1720, 935, 980, 1, 1, 5, 0.575808, 0.49839, '../2021SEN_KEN/volleyball/01/IMG_0575.MOV', 1),
(1721, 849, 894, 1, 1, 5, 0.626136, 0.515154, '../2021SEN_KEN/volleyball/01/IMG_0576.MOV', 1),
(1722, 824, 869, 1, 1, 5, 0.422967, 0.523937, '../2021SEN_KEN/volleyball/01/IMG_0577.MOV', 1),
(1723, 847, 892, 1, 1, 5, 0.569149, 0.516626, '../2021SEN_KEN/volleyball/01/IMG_0578.MOV', 1),
(1724, 920, 965, 1, 1, 5, 0.493995, 0.519856, '../2021SEN_KEN/volleyball/01/IMG_0580.MOV', 1),
(1725, 822, 867, 1, 1, 5, 0.501817, 0.495622, '../2021SEN_KEN/volleyball/01/IMG_0581.MOV', 1),
(1726, 879, 924, 1, 1, 5, 0.499657, 0.52171, '../2021SEN_KEN/volleyball/01/IMG_0582.MOV', 1),
(1727, 821, 866, 1, 1, 5, 0.402247, 0.524557, '../2021SEN_KEN/volleyball/01/IMG_0583.MOV', 1),
(1728, 844, 889, 1, 1, 5, 0.468362, 0.51568, '../2021SEN_KEN/volleyball/01/IMG_0584.MOV', 1),
(1729, 870, 915, 1, 1, 5, 0.53656, 0.498307, '../2021SEN_KEN/volleyball/01/IMG_0585.MOV', 1),
(1730, 845, 890, 1, 1, 9, 0.917952, 0.981306, '../2021SEN_KEN/volleyball/01/IMG_0587.MOV', 1),
(1731, 912, 957, 1, 1, 9, 0.844331, 0.97788, '../2021SEN_KEN/volleyball/01/IMG_0588.MOV', 1),
(1732, 884, 929, 1, 1, 5, 0.455879, 0.531569, '../2021SEN_KEN/volleyball/01/IMG_0590.MOV', 1),
(1733, 468, 513, 1, 1, 5, 0.489772, 0.50098, '../2021SEN_KEN/volleyball/01/IMG_0591.MOV', 1),
(1734, 856, 901, 1, 1, 5, 0.600386, 0.523819, '../2021SEN_KEN/volleyball/01/IMG_0592.MOV', 1),
(1735, 790, 835, 1, 1, 5, 0.544084, 0.533189, '../2021SEN_KEN/volleyball/01/IMG_0593.MOV', 1),
(1736, 855, 900, 1, 1, 6, 0.546662, 0.520442, '../2021SEN_KEN/volleyball/01/IMG_0595.MOV', 1),
(1737, 771, 816, 1, 1, 5, 0.471995, 0.525683, '../2021SEN_KEN/volleyball/01/IMG_0596.MOV', 1),
(1738, 886, 931, 1, 1, 5, 0.524573, 0.516206, '../2021SEN_KEN/volleyball/01/IMG_0597.MOV', 1),
(1739, 800, 845, 1, 1, 5, 0.599148, 0.465853, '../2021SEN_KEN/volleyball/01/IMG_0598.MOV', 1),
(1740, 835, 880, 1, 1, 5, 0.577924, 0.459076, '../2021SEN_KEN/volleyball/01/IMG_0599.MOV', 1),
(1741, 720, 765, 1, 1, 6, 0.390361, 0.892335, '../2021SEN_KEN/volleyball/01/IMG_0600.MOV', 1),
(1742, 736, 781, 1, 1, 5, 0.532398, 0.456733, '../2021SEN_KEN/volleyball/01/IMG_0601.MOV', 1),
(1743, 786, 831, 1, 1, 5, 0.564267, 0.436132, '../2021SEN_KEN/volleyball/01/IMG_0603.MOV', 1),
(1744, 802, 847, 1, 1, 5, 0.557316, 0.440126, '../2021SEN_KEN/volleyball/01/IMG_0604.MOV', 1),
(1745, 757, 802, 1, 1, 5, 0.619245, 0.430009, '../2021SEN_KEN/volleyball/01/IMG_0605.MOV', 1),
(1746, 807, 852, 1, 1, 6, 0.662853, 0.452303, '../2021SEN_KEN/volleyball/01/IMG_0606.MOV', 1),
(1747, 869, 914, 1, 1, 6, 0.588341, 0.433298, '../2021SEN_KEN/volleyball/01/IMG_0610.MOV', 1),
(1748, 857, 902, 1, 1, 5, 0.64937, 0.598035, '../2021SEN_KEN/volleyball/01/IMG_0612.MOV', 1),
(1749, 879, 924, 1, 1, 5, 0.639141, 0.568114, '../2021SEN_KEN/volleyball/01/IMG_0614.MOV', 1),
(1750, 803, 848, 1, 1, 6, 0.720824, 0.567819, '../2021SEN_KEN/volleyball/01/IMG_0615.MOV', 1),
(1751, 834, 879, 1, 1, 5, 0.656732, 0.577295, '../2021SEN_KEN/volleyball/01/IMG_0616.MOV', 1),
(1752, 919, 964, 1, 1, 5, 0.565497, 0.550392, '../2021SEN_KEN/volleyball/01/IMG_0617.MOV', 1),
(1753, 773, 818, 1, 1, 6, 0.734973, 0.557343, '../2021SEN_KEN/volleyball/01/IMG_0618.MOV', 1),
(1754, 763, 808, 1, 1, 6, 0.697681, 0.561589, '../2021SEN_KEN/volleyball/01/IMG_0619.MOV', 1),
(1755, 831, 876, 1, 1, 9, 0.701909, 0.962382, '../2021SEN_KEN/volleyball/01/IMG_0620.MOV', 1),
(1756, 766, 811, 1, 1, 6, 0.726173, 0.577996, '../2021SEN_KEN/volleyball/01/IMG_0621.MOV', 1),
(1757, 754, 799, 1, 1, 5, 0.581342, 0.547941, '../2021SEN_KEN/volleyball/01/IMG_0622.MOV', 1),
(1758, 864, 909, 1, 1, 5, 0.592938, 0.57239, '../2021SEN_KEN/volleyball/01/IMG_0623.MOV', 1),
(1759, 813, 858, 1, 1, 6, 0.722404, 0.550274, '../2021SEN_KEN/volleyball/01/IMG_0624.MOV', 1),
(1760, 698, 743, 1, 1, 6, 0.675424, 0.547901, '../2021SEN_KEN/volleyball/01/IMG_0625.MOV', 1),
(1761, 0, 45, 1, 1, 5, 0.491829, 0.336336, '../2021SEN_KEN/volleyball/01/IMG_0627.MOV', 1),
(1762, 1037, 1082, 1, 1, 5, 0.378524, 0.499091, '../2021SEN_KEN/volleyball/01/IMG_0722.MOV', 1),
(1763, 918, 963, 1, 1, 5, 0.395949, 0.495715, '../2021SEN_KEN/volleyball/01/IMG_0723.MOV', 1),
(1764, 1114, 1159, 1, 1, 7, 0.13085, 0.943257, '../2021SEN_KEN/volleyball/01/IMG_0724.MOV', 1),
(1765, 1029, 1074, 1, 1, 5, 0.381924, 0.49129, '../2021SEN_KEN/volleyball/01/IMG_0726.MOV', 1),
(1766, 1031, 1076, 1, 1, 5, 0.393823, 0.490406, '../2021SEN_KEN/volleyball/01/IMG_0727.MOV', 1),
(1767, 987, 1032, 1, 1, 7, 0.055695, 0.994985, '../2021SEN_KEN/volleyball/01/IMG_0728.MOV', 1),
(1768, 952, 997, 1, 1, 5, 0.355857, 0.486472, '../2021SEN_KEN/volleyball/01/IMG_0729.MOV', 1),
(1769, 954, 999, 1, 1, 7, 0.016972, 0.974649, '../2021SEN_KEN/volleyball/01/IMG_0730.MOV', 1),
(1770, 1008, 1053, 1, 1, 5, 0.358773, 0.499308, '../2021SEN_KEN/volleyball/01/IMG_0731.MOV', 1),
(1771, 943, 988, 1, 1, 4, 0.310271, 0.491601, '../2021SEN_KEN/volleyball/01/IMG_0732.MOV', 1),
(1772, 1056, 1101, 1, 1, 5, 0.403111, 0.479564, '../2021SEN_KEN/volleyball/01/IMG_0733.MOV', 1),
(1773, 994, 1039, 1, 1, 8, 0.479682, 0.982484, '../2021SEN_KEN/volleyball/01/IMG_0734.MOV', 1),
(1774, 932, 977, 1, 1, 5, 0.329947, 0.491854, '../2021SEN_KEN/volleyball/01/IMG_0735.MOV', 1),
(1775, 943, 988, 1, 1, 5, 0.433584, 0.482778, '../2021SEN_KEN/volleyball/01/IMG_0736.MOV', 1),
(1776, 1012, 1057, 1, 1, 5, 0.371552, 0.488435, '../2021SEN_KEN/volleyball/01/IMG_0738.MOV', 1),
(1777, 963, 1008, 1, 1, 4, 0.009235, 0.634996, '../2021SEN_KEN/volleyball/01/IMG_0739.MOV', 1),
(1778, 988, 1033, 1, 1, 5, 0.383736, 0.487587, '../2021SEN_KEN/volleyball/01/IMG_0740.MOV', 1),
(1779, 901, 946, 1, 1, 4, 0.336101, 0.495555, '../2021SEN_KEN/volleyball/01/IMG_0741.MOV', 1),
(1780, 1021, 1066, 1, 1, 7, 0.008319, 0.741809, '../2021SEN_KEN/volleyball/01/IMG_0742.MOV', 1),
(1781, 973, 1018, 1, 1, 5, 0.454228, 0.442377, '../2021SEN_KEN/volleyball/01/IMG_0743.MOV', 1),
(1782, 923, 968, 1, 1, 7, 0.088841, 0.92722, '../2021SEN_KEN/volleyball/01/IMG_0745.MOV', 1),
(1783, 990, 1035, 1, 1, 7, 0.22005, 0.979225, '../2021SEN_KEN/volleyball/01/IMG_0746.MOV', 1),
(1784, 960, 1005, 1, 1, 5, 0.437272, 0.491293, '../2021SEN_KEN/volleyball/01/IMG_0748.MOV', 1),
(1785, 948, 993, 1, 1, 5, 0.431615, 0.462809, '../2021SEN_KEN/volleyball/01/IMG_0749.MOV', 1),
(1786, 975, 1020, 1, 1, 7, 0.243189, 0.951919, '../2021SEN_KEN/volleyball/01/IMG_0750.MOV', 1),
(1787, 889, 934, 1, 1, 5, 0.506326, 0.476843, '../2021SEN_KEN/volleyball/01/IMG_0751.MOV', 1),
(1788, 940, 985, 1, 1, 5, 0.503734, 0.466628, '../2021SEN_KEN/volleyball/01/IMG_0753.MOV', 1),
(1789, 884, 929, 1, 1, 5, 0.387101, 0.497197, '../2021SEN_KEN/volleyball/01/IMG_0754.MOV', 1),
(1790, 1013, 1058, 1, 1, 5, 0.457852, 0.47588, '../2021SEN_KEN/volleyball/01/IMG_0755.MOV', 1),
(1791, 907, 952, 1, 1, 5, 0.470809, 0.451739, '../2021SEN_KEN/volleyball/01/IMG_0756.MOV', 1),
(1792, 914, 959, 1, 1, 5, 0.449513, 0.450097, '../2021SEN_KEN/volleyball/01/IMG_0757.MOV', 1),
(1793, 950, 995, 1, 1, 7, 0.022627, 0.740993, '../2021SEN_KEN/volleyball/01/IMG_0758.MOV', 1),
(1794, 844, 889, 1, 1, 5, 0.468187, 0.433335, '../2021SEN_KEN/volleyball/01/IMG_0759.MOV', 1),
(1795, 847, 892, 1, 1, 5, 0.4722, 0.450899, '../2021SEN_KEN/volleyball/01/IMG_0761.MOV', 1),
(1796, 889, 934, 1, 1, 5, 0.497531, 0.470998, '../2021SEN_KEN/volleyball/01/IMG_0762.MOV', 1),
(1797, 847, 892, 1, 1, 5, 0.518085, 0.446642, '../2021SEN_KEN/volleyball/01/IMG_0763.MOV', 1),
(1798, 882, 927, 1, 1, 5, 0.594153, 0.466341, '../2021SEN_KEN/volleyball/01/IMG_0764.MOV', 1),
(1799, 833, 878, 1, 1, 5, 0.600362, 0.510385, '../2021SEN_KEN/volleyball/01/IMG_0770.MOV', 1),
(1800, 932, 977, 1, 1, 5, 0.502275, 0.483804, '../2021SEN_KEN/volleyball/01/IMG_0771.MOV', 1),
(1801, 1039, 1084, 1, 1, 5, 0.54026, 0.515473, '../2021SEN_KEN/volleyball/01/IMG_0773.MOV', 1),
(1802, 869, 914, 1, 1, 5, 0.57192, 0.502286, '../2021SEN_KEN/volleyball/01/IMG_0774.MOV', 1),
(1803, 930, 975, 1, 1, 5, 0.573265, 0.510643, '../2021SEN_KEN/volleyball/01/IMG_0775.MOV', 1),
(1804, 1043, 1088, 1, 1, 5, 0.440635, 0.497694, '../2021SEN_KEN/volleyball/01/IMG_0776.MOV', 1),
(1805, 874, 919, 1, 1, 5, 0.605065, 0.480398, '../2021SEN_KEN/volleyball/01/IMG_0777.MOV', 1),
(1806, 832, 877, 1, 1, 5, 0.55096, 0.490489, '../2021SEN_KEN/volleyball/01/IMG_0778.MOV', 1),
(1807, 899, 944, 1, 1, 7, 0.2078, 0.978116, '../2021SEN_KEN/volleyball/01/IMG_0779.MOV', 1),
(1808, 951, 996, 1, 1, 7, 0.27253, 0.983938, '../2021SEN_KEN/volleyball/01/IMG_0780.MOV', 1),
(1809, 828, 873, 1, 1, 5, 0.506451, 0.492024, '../2021SEN_KEN/volleyball/01/IMG_0781.MOV', 1),
(1810, 960, 1005, 1, 1, 5, 0.561082, 0.512712, '../2021SEN_KEN/volleyball/01/IMG_0782.MOV', 1),
(1811, 1000, 1045, 1, 1, 9, 0.798743, 0.97625, '../2021SEN_KEN/volleyball/01/IMG_0783.MOV', 1),
(1812, 896, 941, 1, 1, 5, 0.619139, 0.479173, '../2021SEN_KEN/volleyball/01/IMG_0784.MOV', 1),
(1813, 1076, 1121, 1, 1, 5, 0.609854, 0.498798, '../2021SEN_KEN/volleyball/01/IMG_0785.MOV', 1),
(1814, 1282, 1327, 1, 1, 4, 0.338899, 0.48512, '../2021SEN_KEN/volleyball/02/2106041909030.MOV', 1),
(1815, 966, 1011, 1, 1, 5, 0.663755, 0.553972, '../2021SEN_KEN/volleyball/02/2106041909033.MOV', 1),
(1816, 1102, 1147, 1, 1, 5, 0.385107, 0.386359, '../2021SEN_KEN/volleyball/02/2106041909043.MOV', 1),
(1817, 1189, 1234, 1, 1, 5, 0.396227, 0.486382, '../2021SEN_KEN/volleyball/02/2106041909220.MOV', 1),
(1818, 1142, 1187, 1, 1, 5, 0.437043, 0.382445, '../2021SEN_KEN/volleyball/02/2106041909221.MOV', 1),
(1819, 980, 1025, 1, 1, 6, 0.728139, 0.526931, '../2021SEN_KEN/volleyball/02/2106041909222.MOV', 1),
(1820, 980, 1025, 1, 1, 6, 0.728139, 0.526931, '../2021SEN_KEN/volleyball/02/2106041909223.MOV', 1),
(1821, 816, 861, 1, 1, 5, 0.384879, 0.40678, '../2021SEN_KEN/volleyball/02/2106041909413.MOV', 1),
(1822, 967, 1012, 1, 1, 6, 0.726414, 0.526829, '../2021SEN_KEN/volleyball/02/2106041910191.MOV', 1),
(1823, 1220, 1265, 1, 1, 4, 0.314615, 0.456163, '../2021SEN_KEN/volleyball/02/2106041910200.MOV', 1),
(1824, 1188, 1233, 1, 1, 5, 0.361934, 0.394532, '../2021SEN_KEN/volleyball/02/2106041910202.MOV', 1),
(1825, 1157, 1202, 1, 1, 4, 0.310413, 0.454682, '../2021SEN_KEN/volleyball/02/2106041911230.MOV', 1),
(1826, 919, 964, 1, 1, 6, 0.713314, 0.540724, '../2021SEN_KEN/volleyball/02/2106041911232.MOV', 1),
(1827, 1099, 1144, 1, 1, 5, 0.371207, 0.372129, '../2021SEN_KEN/volleyball/02/2106041911241.MOV', 1),
(1828, 1189, 1234, 1, 1, 7, 0.017369, 0.863661, '../2021SEN_KEN/volleyball/02/2106041911481.MOV', 1),
(1829, 1088, 1133, 1, 1, 7, 0.008419, 0.675814, '../2021SEN_KEN/volleyball/02/2106041911491.MOV', 1),
(1830, 1003, 1048, 1, 1, 6, 0.675814, 0.472492, '../2021SEN_KEN/volleyball/02/2106041913431.MOV', 1),
(1831, 1082, 1127, 1, 1, 4, 0.315083, 0.452371, '../2021SEN_KEN/volleyball/02/2106041913441.MOV', 1),
(1832, 1359, 1404, 1, 1, 7, 0.189451, 0.976498, '../2021SEN_KEN/volleyball/02/2106041914291.MOV', 1),
(1833, 887, 932, 1, 1, 5, 0.548107, 0.476666, '../2021SEN_KEN/volleyball/02/2106041914300.MOV', 1),
(1834, 901, 946, 1, 1, 6, 0.697809, 0.572192, '../2021SEN_KEN/volleyball/02/2106041914302.MOV', 1),
(1835, 873, 918, 1, 1, 6, 0.695338, 0.554991, '../2021SEN_KEN/volleyball/02/2106041914482.MOV', 1),
(1836, 2256, 2301, 1, 1, 8, 0.538996, 0.843311, '../2021SEN_KEN/volleyball/02/2106041914491.MOV', 1),
(1837, 1201, 1246, 1, 1, 4, 0.256826, 0.374201, '../2021SEN_KEN/volleyball/02/2106041916400.MOV', 1),
(1838, 944, 989, 1, 1, 6, 0.71129, 0.524958, '../2021SEN_KEN/volleyball/02/2106041916402.MOV', 1),
(1839, 1171, 1216, 1, 1, 4, 0.333607, 0.384196, '../2021SEN_KEN/volleyball/02/2106041916412.MOV', 1),
(1840, 1182, 1227, 1, 1, 5, 0.399994, 0.366395, '../2021SEN_KEN/volleyball/02/2106041917290.MOV', 1),
(1841, 892, 937, 1, 1, 6, 0.768251, 0.531453, '../2021SEN_KEN/volleyball/02/2106041917292.MOV', 1),
(1842, 1133, 1178, 1, 1, 5, 0.466045, 0.38053, '../2021SEN_KEN/volleyball/02/2106041917302.MOV', 1),
(1843, 986, 1031, 1, 1, 5, 0.355574, 0.41185, '../2021SEN_KEN/volleyball/02/2106041917471.MOV', 1),
(1844, 1161, 1206, 1, 1, 5, 0.391757, 0.366908, '../2021SEN_KEN/volleyball/02/2106041918040.MOV', 1),
(1845, 896, 941, 1, 1, 6, 0.708413, 0.519259, '../2021SEN_KEN/volleyball/02/2106041918042.MOV', 1),
(1846, 1051, 1096, 1, 1, 5, 0.446802, 0.374098, '../2021SEN_KEN/volleyball/02/2106041918052.MOV', 1),
(1847, 948, 993, 1, 1, 6, 0.761134, 0.528244, '../2021SEN_KEN/volleyball/02/2106041918261.MOV', 1),
(1848, 1191, 1236, 1, 1, 5, 0.458897, 0.375947, '../2021SEN_KEN/volleyball/02/2106041918270.MOV', 1),
(1849, 1135, 1180, 1, 1, 5, 0.390771, 0.367275, '../2021SEN_KEN/volleyball/02/2106041918272.MOV', 1),
(1850, 971, 1016, 1, 1, 5, 0.569262, 0.464192, '../2021SEN_KEN/volleyball/02/2106041919452.MOV', 1),
(1851, 1207, 1252, 1, 1, 5, 0.427228, 0.386475, '../2021SEN_KEN/volleyball/02/2106041919460.MOV', 1),
(1852, 1014, 1059, 1, 1, 6, 0.733332, 0.523272, '../2021SEN_KEN/volleyball/02/2106041919462.MOV', 1),
(1853, 876, 921, 1, 1, 6, 0.73017, 0.538302, '../2021SEN_KEN/volleyball/02/2106041920070.MOV', 1),
(1854, 1091, 1136, 1, 1, 5, 0.399838, 0.382257, '../2021SEN_KEN/volleyball/02/2106041920071.MOV', 1),
(1855, 1219, 1264, 1, 1, 4, 0.318897, 0.375662, '../2021SEN_KEN/volleyball/02/2106041920072.MOV', 1),
(1856, 1138, 1183, 1, 1, 5, 0.34759, 0.379578, '../2021SEN_KEN/volleyball/02/2106041920430.MOV', 1),
(1857, 980, 1025, 1, 1, 5, 0.644722, 0.572556, '../2021SEN_KEN/volleyball/02/2106041920431.MOV', 1),
(1858, 1162, 1207, 1, 1, 5, 0.410046, 0.383794, '../2021SEN_KEN/volleyball/02/2106041920441.MOV', 1),
(1859, 1241, 1286, 1, 1, 5, 0.36779, 0.384047, '../2021SEN_KEN/volleyball/02/2106041921240.MOV', 1),
(1860, 1013, 1058, 1, 1, 6, 0.749486, 0.502706, '../2021SEN_KEN/volleyball/02/2106041921242.MOV', 1),
(1861, 896, 941, 1, 1, 5, 0.624875, 0.461751, '../2021SEN_KEN/volleyball/02/2106041921252.MOV', 1),
(1862, 1152, 1197, 1, 1, 5, 0.328551, 0.379392, '../2021SEN_KEN/volleyball/02/2106041921440.MOV', 1),
(1863, 1179, 1224, 1, 1, 5, 0.400124, 0.392148, '../2021SEN_KEN/volleyball/02/2106041921442.MOV', 1),
(1864, 945, 990, 1, 1, 6, 0.736882, 0.514039, '../2021SEN_KEN/volleyball/02/2106041922022.MOV', 1),
(1865, 1226, 1271, 1, 1, 5, 0.350751, 0.383607, '../2021SEN_KEN/volleyball/02/2106041922031.MOV', 1),
(1866, 1066, 1111, 1, 1, 5, 0.426314, 0.395698, '../2021SEN_KEN/volleyball/02/2106041922041.MOV', 1),
(1867, 1162, 1207, 1, 1, 7, 0.215683, 0.901246, '../2021SEN_KEN/volleyball/02/2106041926581.MOV', 1),
(1868, 1148, 1193, 1, 1, 5, 0.664601, 0.326568, '../2021SEN_KEN/volleyball/02/2106041927140.MOV', 1),
(1869, 1152, 1197, 1, 1, 5, 0.461432, 0.342714, '../2021SEN_KEN/volleyball/02/2106041927142.MOV', 1),
(1870, 850, 895, 1, 1, 5, 0.537819, 0.49377, '../2021SEN_KEN/volleyball/02/2106041927143.MOV', 1),
(1871, 1099, 1144, 1, 1, 5, 0.528665, 0.370601, '../2021SEN_KEN/volleyball/02/2106041927530.MOV', 1),
(1872, 817, 862, 1, 1, 5, 0.554607, 0.521882, '../2021SEN_KEN/volleyball/02/2106041927533.MOV', 1),
(1873, 905, 950, 1, 1, 6, 0.832393, 0.528242, '../2021SEN_KEN/volleyball/02/2106041927541.MOV', 1),
(1874, 1089, 1134, 1, 1, 5, 0.685879, 0.329969, '../2021SEN_KEN/volleyball/02/2106041928340.MOV', 1),
(1875, 1021, 1066, 1, 1, 5, 0.456066, 0.345379, '../2021SEN_KEN/volleyball/02/2106041928342.MOV', 1),
(1876, 824, 869, 1, 1, 5, 0.531471, 0.529741, '../2021SEN_KEN/volleyball/02/2106041928343.MOV', 1),
(1877, 1216, 1261, 1, 1, 5, 0.638129, 0.518649, '../2021SEN_KEN/volleyball/02/2106041928563.MOV', 1),
(1878, 1080, 1125, 1, 1, 3, 0.771585, 0.327401, '../2021SEN_KEN/volleyball/02/2106041928570.MOV', 1),
(1879, 1042, 1087, 1, 1, 5, 0.511498, 0.352245, '../2021SEN_KEN/volleyball/02/2106041928571.MOV', 1),
(1880, 1041, 1086, 1, 1, 5, 0.486638, 0.345373, '../2021SEN_KEN/volleyball/02/2106041929170.MOV', 1),
(1881, 870, 915, 1, 1, 5, 0.530643, 0.563726, '../2021SEN_KEN/volleyball/02/2106041929172.MOV', 1),
(1882, 1097, 1142, 1, 1, 3, 0.74038, 0.324535, '../2021SEN_KEN/volleyball/02/2106041929182.MOV', 1),
(1883, 822, 867, 1, 1, 5, 0.548831, 0.551565, '../2021SEN_KEN/volleyball/02/2106041929491.MOV', 1),
(1884, 1091, 1136, 1, 1, 6, 0.756587, 0.335441, '../2021SEN_KEN/volleyball/02/2106041929500.MOV', 1),
(1885, 1043, 1088, 1, 1, 5, 0.511446, 0.361179, '../2021SEN_KEN/volleyball/02/2106041929502.MOV', 1),
(1886, 816, 861, 1, 1, 5, 0.588308, 0.531539, '../2021SEN_KEN/volleyball/02/2106041930312.MOV', 1),
(1887, 1017, 1062, 1, 1, 6, 0.692205, 0.336303, '../2021SEN_KEN/volleyball/02/2106041930320.MOV', 1),
(1888, 956, 1001, 1, 1, 9, 0.900007, 0.765977, '../2021SEN_KEN/volleyball/02/2106041930322.MOV', 1),
(1889, 1195, 1240, 1, 1, 5, 0.609439, 0.445077, '../2021SEN_KEN/volleyball/02/2106041930482.MOV', 1),
(1890, 1049, 1094, 1, 1, 3, 0.732592, 0.333859, '../2021SEN_KEN/volleyball/02/2106041930490.MOV', 1),
(1891, 1115, 1160, 1, 1, 6, 0.530972, 0.351378, '../2021SEN_KEN/volleyball/02/2106041930492.MOV', 1),
(1892, 844, 889, 1, 1, 5, 0.528643, 0.578276, '../2021SEN_KEN/volleyball/02/2106041931040.MOV', 1),
(1893, 1103, 1148, 1, 1, 6, 0.704525, 0.347002, '../2021SEN_KEN/volleyball/02/2106041931041.MOV', 1),
(1894, 1100, 1145, 1, 1, 5, 0.460949, 0.363697, '../2021SEN_KEN/volleyball/02/2106041931042.MOV', 1),
(1895, 1076, 1121, 1, 1, 7, 0.164276, 0.740505, '../2021SEN_KEN/volleyball/02/2106041932380.MOV', 1),
(1896, 868, 913, 1, 1, 5, 0.464728, 0.587691, '../2021SEN_KEN/volleyball/02/2106041932381.MOV', 1),
(1897, 1093, 1138, 1, 1, 2, 0.570376, 0.319311, '../2021SEN_KEN/volleyball/02/2106041932382.MOV', 1),
(1898, 918, 963, 1, 1, 5, 0.52161, 0.53445, '../2021SEN_KEN/volleyball/02/2106041932562.MOV', 1),
(1899, 1091, 1136, 1, 1, 5, 0.521055, 0.353832, '../2021SEN_KEN/volleyball/02/2106041933440.MOV', 1),
(1900, 854, 899, 1, 1, 5, 0.534597, 0.606565, '../2021SEN_KEN/volleyball/02/2106041933441.MOV', 1),
(1901, 1071, 1116, 1, 1, 2, 0.640112, 0.32202, '../2021SEN_KEN/volleyball/02/2106041933451.MOV', 1),
(1902, 1076, 1121, 1, 1, 5, 0.452679, 0.362085, '../2021SEN_KEN/volleyball/02/2106041934340.MOV', 1),
(1903, 1223, 1268, 1, 1, 8, 0.412435, 0.889102, '../2021SEN_KEN/volleyball/02/2106041934342.MOV', 1),
(1904, 1120, 1165, 1, 1, 2, 0.479983, 0.319609, '../2021SEN_KEN/volleyball/02/2106041934352.MOV', 1),
(1905, 1068, 1113, 1, 1, 8, 0.420105, 0.883682, '../2021SEN_KEN/volleyball/02/2106041934550.MOV', 1),
(1906, 1147, 1192, 1, 1, 9, 0.801693, 0.833866, '../2021SEN_KEN/volleyball/02/2106041934552.MOV', 1),
(1907, 1042, 1087, 1, 1, 5, 0.435891, 0.322865, '../2021SEN_KEN/volleyball/02/2106041934562.MOV', 1),
(1908, 1124, 1169, 1, 1, 2, 0.485553, 0.327811, '../2021SEN_KEN/volleyball/02/2106041935130.MOV', 1),
(1909, 1033, 1078, 1, 1, 5, 0.46296, 0.371747, '../2021SEN_KEN/volleyball/02/2106041935132.MOV', 1),
(1910, 1191, 1236, 1, 1, 5, 0.559892, 0.363401, '../2021SEN_KEN/volleyball/02/2106041935450.MOV', 1),
(1911, 934, 979, 1, 1, 5, 0.466301, 0.59943, '../2021SEN_KEN/volleyball/02/2106041935452.MOV', 1),
(1912, 1196, 1241, 1, 1, 2, 0.616112, 0.326147, '../2021SEN_KEN/volleyball/02/2106041935461.MOV', 1),
(1913, 1213, 1258, 1, 1, 2, 0.572862, 0.325587, '../2021SEN_KEN/volleyball/02/2106041936080.MOV', 1),
(1914, 1197, 1242, 1, 1, 5, 0.52754, 0.364779, '../2021SEN_KEN/volleyball/02/2106041936082.MOV', 1),
(1915, 910, 955, 1, 1, 5, 0.402707, 0.598594, '../2021SEN_KEN/volleyball/02/2106041936083.MOV', 1),
(1916, 923, 968, 1, 1, 5, 0.478776, 0.600535, '../2021SEN_KEN/volleyball/02/2106041936253.MOV', 1),
(1917, 813, 858, 1, 1, 4, 0.267522, 0.470546, '../2021SEN_KEN/volleyball/02/2106041936260.MOV', 1),
(1918, 1126, 1171, 1, 1, 2, 0.544956, 0.323574, '../2021SEN_KEN/volleyball/02/2106041936261.MOV', 1),
(1919, 1301, 1346, 1, 1, 9, 0.820124, 0.944657, '../2021SEN_KEN/volleyball/02/2106041936421.MOV', 1),
(1920, 1214, 1259, 1, 1, 8, 0.473799, 0.933133, '../2021SEN_KEN/volleyball/02/2106041936430.MOV', 1),
(1921, 1032, 1077, 1, 1, 8, 0.570889, 0.894221, '../2021SEN_KEN/volleyball/02/2106041936431.MOV', 1),
(1922, 1198, 1243, 1, 1, 9, 0.877943, 0.951906, '../2021SEN_KEN/volleyball/02/2106041937070.MOV', 1),
(1923, 855, 900, 1, 1, 5, 0.452185, 0.593248, '../2021SEN_KEN/volleyball/02/2106041937071.MOV', 1),
(1924, 1095, 1140, 1, 1, 5, 0.614933, 0.327907, '../2021SEN_KEN/volleyball/02/2106041937081.MOV', 1),
(1926, 865, 910, 1, 1, 5, 0.429048, 0.487417, '../2021SEN_KEN/volleyball/02/2106251908361.MOV', 1),
(1927, 1028, 1073, 1, 1, 5, 0.427249, 0.435318, '../2021SEN_KEN/volleyball/02/2106251911451.MOV', 1),
(1928, 403, 448, 1, 1, 5, 0.36077, 0.541573, '../2021SEN_KEN/volleyball/02/2106251911481.MOV', 1),
(1929, 972, 1017, 1, 1, 5, 0.601726, 0.434747, '../2021SEN_KEN/volleyball/02/2106251911591.MOV', 1),
(1930, 846, 891, 1, 1, 5, 0.472141, 0.507816, '../2021SEN_KEN/volleyball/02/2106251912001.MOV', 1),
(1931, 735, 780, 1, 1, 5, 0.521452, 0.43512, '../2021SEN_KEN/volleyball/02/2106251912141.MOV', 1),
(1932, 702, 747, 1, 1, 9, 0.780996, 0.957275, '../2021SEN_KEN/volleyball/02/2106251912151.MOV', 1),
(1933, 969, 1014, 1, 1, 5, 0.421595, 0.529762, '../2021SEN_KEN/volleyball/02/2106251912501.MOV', 1),
(1934, 802, 847, 1, 1, 5, 0.327327, 0.519115, '../2021SEN_KEN/volleyball/02/2106251912511.MOV', 1),
(1935, 996, 1041, 1, 1, 5, 0.570254, 0.584002, '../2021SEN_KEN/volleyball/02/2106251913311.MOV', 1),
(1936, 915, 960, 1, 1, 5, 0.436207, 0.535189, '../2021SEN_KEN/volleyball/02/2106251913321.MOV', 1),
(1937, 906, 951, 1, 1, 5, 0.475919, 0.567508, '../2021SEN_KEN/volleyball/02/2106251913451.MOV', 1),
(1938, 789, 834, 1, 1, 5, 0.416378, 0.521511, '../2021SEN_KEN/volleyball/02/2106251913461.MOV', 1),
(1939, 943, 988, 1, 1, 5, 0.562962, 0.549131, '../2021SEN_KEN/volleyball/02/2106251914111.MOV', 1),
(1940, 828, 873, 1, 1, 5, 0.445943, 0.502036, '../2021SEN_KEN/volleyball/02/2106251914121.MOV', 1),
(1941, 0, 5, 1, 1, 9, -1, -1, '../2021SEN_KEN/volleyball/02/2106251914181.MOV', 1),
(1942, 918, 923, 1, 1, 8, 0.460694, -1, '../2021SEN_KEN/volleyball/02/2106251914250.MOV', 1),
(1943, 834, 839, 1, 1, 8, 0.381255, -1, '../2021SEN_KEN/volleyball/02/2106251914252.MOV', 1),
(1944, 893, 898, 1, 1, 8, 0.482042, -1, '../2021SEN_KEN/volleyball/02/2106251914592.MOV', 1),
(1945, 770, 775, 1, 1, 8, 0.380197, -1, '../2021SEN_KEN/volleyball/02/2106251915001.MOV', 1),
(1946, 911, 916, 1, 1, 8, 0.481326, -1, '../2021SEN_KEN/volleyball/02/2106251915111.MOV', 1),
(1947, 742, 747, 1, 1, 8, 0.416573, -1, '../2021SEN_KEN/volleyball/02/2106251915121.MOV', 1),
(1948, 981, 986, 1, 1, 8, 0.48716, -1, '../2021SEN_KEN/volleyball/02/2106251915240.MOV', 1),
(1949, 883, 888, 1, 1, 8, 0.409144, -1, '../2021SEN_KEN/volleyball/02/2106251915242.MOV', 1),
(1950, 974, 979, 1, 1, 8, 0.49281, -1, '../2021SEN_KEN/volleyball/02/2106251915370.MOV', 1),
(1951, 916, 921, 1, 1, 8, 0.421742, -1, '../2021SEN_KEN/volleyball/02/2106251915372.MOV', 1),
(1952, 912, 917, 1, 1, 8, 0.420262, -1, '../2021SEN_KEN/volleyball/02/2106251915510.MOV', 1),
(1953, 813, 818, 1, 1, 8, 0.377636, -1, '../2021SEN_KEN/volleyball/02/2106251915512.MOV', 1),
(1954, 948, 953, 1, 1, 8, 0.497154, -1, '../2021SEN_KEN/volleyball/02/2106251916100.MOV', 1),
(1955, 808, 813, 1, 1, 8, 0.445921, -1, '../2021SEN_KEN/volleyball/02/2106251916102.MOV', 1),
(1956, 934, 939, 1, 1, 8, 0.431911, -1, '../2021SEN_KEN/volleyball/02/2106251916351.MOV', 1),
(1957, 745, 750, 1, 1, 8, 0.393539, -1, '../2021SEN_KEN/volleyball/02/2106251916361.MOV', 1),
(1958, 782, 787, 1, 1, 9, 0.718557, -1, '../2021SEN_KEN/volleyball/02/2106251916581.MOV', 1),
(1959, 732, 737, 1, 1, 8, 0.482196, -1, '../2021SEN_KEN/volleyball/02/2106251916591.MOV', 1),
(1960, 850, 855, 1, 1, 7, 0.010857, -1, '../2021SEN_KEN/volleyball/02/2106251917130.MOV', 1),
(1961, 814, 819, 1, 1, 8, 0.438121, -1, '../2021SEN_KEN/volleyball/02/2106251917131.MOV', 1),
(1962, 906, 911, 1, 1, 7, 0.308126, -1, '../2021SEN_KEN/volleyball/02/2106251917250.MOV', 1),
(1963, 785, 790, 1, 1, 8, 0.359701, -1, '../2021SEN_KEN/volleyball/02/2106251917260.MOV', 1),
(1964, 955, 960, 1, 1, 8, 0.493659, -1, '../2021SEN_KEN/volleyball/02/2106251917370.MOV', 1),
(1965, 749, 754, 1, 1, 8, 0.426451, -1, '../2021SEN_KEN/volleyball/02/2106251917380.MOV', 1),
(1966, 636, 641, 1, 1, 8, 0.572473, -1, '../2021SEN_KEN/volleyball/02/2106251919410.MOV', 1),
(1967, 812, 817, 1, 1, 8, 0.467733, -1, '../2021SEN_KEN/volleyball/02/2106251919411.MOV', 1),
(1968, 734, 739, 1, 1, 8, 0.635629, -1, '../2021SEN_KEN/volleyball/02/2106251920190.MOV', 1),
(1969, 829, 834, 1, 1, 8, 0.529525, -1, '../2021SEN_KEN/volleyball/02/2106251920191.MOV', 1),
(1970, 849, 854, 1, 1, 8, 0.364809, -1, '../2021SEN_KEN/volleyball/02/2106251920330.MOV', 1),
(1971, 719, 724, 1, 1, 8, 0.484307, -1, '../2021SEN_KEN/volleyball/02/2106251920340.MOV', 1),
(1972, -1, -1, 1, 1, -1, -1, -1, '../2021SEN_KEN/volleyball/02/2106251920400.MOV', 5),
(1973, -1, -1, 1, 1, -1, -1, -1, '../2021SEN_KEN/volleyball/02/2106251920500.MOV', 1),
(1974, -1, -1, 1, 1, -1, -1, -1, '../2021SEN_KEN/volleyball/02/2106251920520.MOV', 1),
(1975, -1, -1, 1, 1, -1, -1, -1, '../2021SEN_KEN/volleyball/02/2106251921020.MOV', 1),
(1976, -1, -1, 1, 1, -1, -1, -1, '../2021SEN_KEN/volleyball/02/2106251921040.MOV', 1),
(1977, -1, -1, 1, 1, -1, -1, -1, '../2021SEN_KEN/volleyball/02/2106251921270.MOV', 1),
(1978, -1, -1, 1, 1, -1, -1, -1, '../2021SEN_KEN/volleyball/02/2106251921280.MOV', 1),
(1979, -1, -1, 1, 1, -1, -1, -1, '../2021SEN_KEN/volleyball/02/2106251921410.MOV', 1),
(1980, -1, -1, 1, 1, -1, -1, -1, '../2021SEN_KEN/volleyball/02/2106251921411.MOV', 1),
(1981, -1, -1, 1, 1, -1, -1, -1, '../2021SEN_KEN/volleyball/02/2106251921560.MOV', 1),
(1982, -1, -1, 1, 1, -1, -1, -1, '../2021SEN_KEN/volleyball/02/2106251921561.MOV', 1),
(1983, -1, -1, 1, 1, -1, -1, -1, '../2021SEN_KEN/volleyball/02/2106251922140.MOV', 1),
(1984, -1, -1, 1, 1, -1, -1, -1, '../2021SEN_KEN/volleyball/02/2106251922141.MOV', 1),
(1985, -1, -1, 1, 1, -1, -1, -1, '../2021SEN_KEN/volleyball/02/2106251922400.MOV', 1),
(1986, -1, -1, 1, 1, -1, -1, -1, '../2021SEN_KEN/volleyball/02/2106251922410.MOV', 1),
(1987, -1, -1, 1, 1, -1, -1, -1, '../2021SEN_KEN/volleyball/02/2106251922550.MOV', 1),
(1988, -1, -1, 1, 1, -1, -1, -1, '../2021SEN_KEN/volleyball/02/2106251922560.MOV', 1),
(1989, -1, -1, 1, 1, -1, -1, -1, '../2021SEN_KEN/volleyball/02/2106251923150.MOV', 1),
(1990, -1, -1, 1, 1, -1, -1, -1, '../2021SEN_KEN/volleyball/02/2106251923160.MOV', 1),
(1991, -1, -1, 1, 1, -1, -1, -1, '../2021SEN_KEN/volleyball/02/2106251923390.MOV', 1),
(1992, -1, -1, 1, 1, -1, -1, -1, '../2021SEN_KEN/volleyball/02/2106251923400.MOV', 1),
(1993, -1, -1, 1, 1, -1, -1, -1, '../2021SEN_KEN/volleyball/02/2106251923460.MOV', 1),
(1994, -1, -1, 1, 1, -1, -1, -1, '../2021SEN_KEN/volleyball/02/2106251923520.MOV', 1),
(1995, -1, -1, 1, 1, -1, -1, -1, '../2021SEN_KEN/volleyball/02/2106251923530.MOV', 1),
(1996, -1, -1, 1, 1, -1, -1, -1, '../2021SEN_KEN/volleyball/02/2106251924060.MOV', 1),
(1997, -1, -1, 1, 1, -1, -1, -1, '../2021SEN_KEN/volleyball/02/2106251924070.MOV', 1),
(1998, -1, -1, 1, 1, -1, -1, -1, '../2021SEN_KEN/volleyball/02/2106251926310.MOV', 1),
(1999, -1, -1, 1, 1, -1, -1, -1, '../2021SEN_KEN/volleyball/02/2106251926320.MOV', 1),
(2000, -1, -1, 1, 1, -1, -1, -1, '../2021SEN_KEN/volleyball/02/2106251926490.MOV', 1),
(2001, -1, -1, 1, 1, -1, -1, -1, '../2021SEN_KEN/volleyball/02/2106251926500.MOV', 1),
(2002, -1, -1, 1, 1, -1, -1, -1, '../2021SEN_KEN/volleyball/02/2106251927140.MOV', 1),
(2003, -1, -1, 1, 1, -1, -1, -1, '../2021SEN_KEN/volleyball/02/2106251927150.MOV', 1),
(2004, -1, -1, 1, 1, -1, -1, -1, '../2021SEN_KEN/volleyball/02/2106251927280.MOV', 1),
(2005, -1, -1, 1, 1, -1, -1, -1, '../2021SEN_KEN/volleyball/02/2106251927290.MOV', 1),
(2006, -1, -1, 1, 1, -1, -1, -1, '../2021SEN_KEN/volleyball/02/2106251927450.MOV', 1),
(2007, -1, -1, 1, 1, -1, -1, -1, '../2021SEN_KEN/volleyball/02/2106251927490.MOV', 1),
(2008, -1, -1, 1, 1, -1, -1, -1, '../2021SEN_KEN/volleyball/02/2106251927590.MOV', 1),
(2009, -1, -1, 1, 1, -1, -1, -1, '../2021SEN_KEN/volleyball/02/2106251928000.MOV', 1),
(2010, -1, -1, 1, 1, -1, -1, -1, '../2021SEN_KEN/volleyball/02/2106251928170.MOV', 1),
(2011, -1, -1, 1, 1, -1, -1, -1, '../2021SEN_KEN/volleyball/02/2106251928171.MOV', 1),
(2012, -1, -1, 1, 1, -1, -1, -1, '../2021SEN_KEN/volleyball/02/2106251928300.MOV', 1),
(2013, -1, -1, 1, 1, -1, -1, -1, '../2021SEN_KEN/volleyball/02/2106251928301.MOV', 1),
(2014, -1, -1, 1, 1, -1, -1, -1, '../2021SEN_KEN/volleyball/02/2106251928500.MOV', 1),
(2015, -1, -1, 1, 1, -1, -1, -1, '../2021SEN_KEN/volleyball/02/2106251928570.MOV', 1),
(2016, -1, -1, 1, 1, -1, -1, -1, '../2021SEN_KEN/volleyball/02/2106251928571.MOV', 1),
(2017, -1, -1, 1, 1, -1, -1, -1, '../2021SEN_KEN/volleyball/02/2106251929090.MOV', 1),
(2018, -1, -1, 1, 1, -1, -1, -1, '../2021SEN_KEN/volleyball/02/2106251929091.MOV', 1),
(2019, -1, -1, 1, 1, -1, -1, -1, '../2021SEN_KEN/volleyball/02/2106251929220.MOV', 1),
(2020, -1, -1, 1, 1, -1, -1, -1, '../2021SEN_KEN/volleyball/02/2106251929240.MOV', 1),
(2021, -1, -1, 1, 1, -1, -1, -1, '../2021SEN_KEN/volleyball/02/2106251929400.MOV', 1),
(2022, -1, -1, 1, 1, -1, -1, -1, '../2021SEN_KEN/volleyball/02/2106251929401.MOV', 1),
(2023, -1, -1, 1, 1, -1, -1, -1, '../2021SEN_KEN/volleyball/02/2106251929510.MOV', 1),
(2024, -1, -1, 1, 1, -1, -1, -1, '../2021SEN_KEN/volleyball/02/2106251929520.MOV', 1),
(2025, -1, -1, 1, 1, -1, -1, -1, '../2021SEN_KEN/volleyball/02/2106251930060.MOV', 1),
(2026, -1, -1, 1, 1, -1, -1, -1, '../2021SEN_KEN/volleyball/02/2106251930070.MOV', 1),
(2027, -1, -1, 1, 1, -1, -1, -1, '../2021SEN_KEN/volleyball/03/2106251911480.MOV', 1),
(2028, -1, -1, 1, 1, -1, -1, -1, '../2021SEN_KEN/volleyball/03/2106251912000.MOV', 1),
(2029, -1, -1, 1, 1, -1, -1, -1, '../2021SEN_KEN/volleyball/03/2106251912150.MOV', 1),
(2030, -1, -1, 1, 1, -1, -1, -1, '../2021SEN_KEN/volleyball/03/2106251912510.MOV', 1),
(2031, -1, -1, 1, 1, -1, -1, -1, '../2021SEN_KEN/volleyball/03/2106251913320.MOV', 1),
(2032, -1, -1, 1, 1, -1, -1, -1, '../2021SEN_KEN/volleyball/03/2106251913460.MOV', 1),
(2033, -1, -1, 1, 1, -1, -1, -1, '../2021SEN_KEN/volleyball/03/2106251914120.MOV', 1),
(2034, -1, -1, 1, 1, -1, -1, -1, '../2021SEN_KEN/volleyball/04/2107061852410.MOV', 1),
(2035, -1, -1, 1, 1, -1, -1, -1, '../2021SEN_KEN/volleyball/04/2107061852570.MOV', 1),
(2036, -1, -1, 1, 1, -1, -1, -1, '../2021SEN_KEN/volleyball/04/2107061852580.MOV', 1),
(2037, -1, -1, 1, 1, -1, -1, -1, '../2021SEN_KEN/volleyball/04/2107061853180.MOV', 1),
(2038, -1, -1, 1, 1, -1, -1, -1, '../2021SEN_KEN/volleyball/04/2107061853190.MOV', 1),
(2039, -1, -1, 1, 1, -1, -1, -1, '../2021SEN_KEN/volleyball/04/2107061856030.MOV', 1),
(2040, -1, -1, 1, 1, -1, -1, -1, '../2021SEN_KEN/volleyball/04/2107061856050.MOV', 1),
(2041, -1, -1, 1, 1, -1, -1, -1, '../2021SEN_KEN/volleyball/04/2107061856100.MOV', 1),
(2042, -1, -1, 1, 1, -1, -1, -1, '../2021SEN_KEN/volleyball/04/2107061856120.MOV', 1),
(2043, -1, -1, 1, 1, -1, -1, -1, '../2021SEN_KEN/volleyball/04/2107061856540.MOV', 1),
(2044, -1, -1, 1, 1, -1, -1, -1, '../2021SEN_KEN/volleyball/04/2107061857090.MOV', 1),
(2045, -1, -1, 1, 1, -1, -1, -1, '../2021SEN_KEN/volleyball/04/2107061857100.MOV', 1),
(2046, -1, -1, 1, 1, -1, -1, -1, '../2021SEN_KEN/volleyball/04/2107061857310.MOV', 1),
(2047, -1, -1, 1, 1, -1, -1, -1, '../2021SEN_KEN/volleyball/04/2107061857320.MOV', 1),
(2048, -1, -1, 1, 1, -1, -1, -1, '../2021SEN_KEN/volleyball/04/2107061857460.MOV', 1),
(2049, -1, -1, 1, 1, -1, -1, -1, '../2021SEN_KEN/volleyball/04/2107061857490.MOV', 1),
(2050, -1, -1, 1, 1, -1, -1, -1, '../2021SEN_KEN/volleyball/04/2107061858040.MOV', 1),
(2051, -1, -1, 1, 1, -1, -1, -1, '../2021SEN_KEN/volleyball/04/2107061858060.MOV', 1),
(2052, -1, -1, 1, 1, -1, -1, -1, '../2021SEN_KEN/volleyball/04/2107061908270.MOV', 1),
(2053, -1, -1, 1, 1, -1, -1, -1, '../2021SEN_KEN/volleyball/04/2107061908280.MOV', 1),
(2054, -1, -1, 1, 1, -1, -1, -1, '../2021SEN_KEN/volleyball/04/2107061909190.MOV', 1),
(2055, -1, -1, 1, 1, -1, -1, -1, '../2021SEN_KEN/volleyball/04/2107061909200.MOV', 1),
(2056, -1, -1, 1, 1, -1, -1, -1, '../2021SEN_KEN/volleyball/04/2107061909340.MOV', 1),
(2057, -1, -1, 1, 1, -1, -1, -1, '../2021SEN_KEN/volleyball/04/2107061909350.MOV', 1),
(2058, -1, -1, 1, 1, -1, -1, -1, '../2021SEN_KEN/volleyball/04/2107061916450.MOV', 1),
(2059, -1, -1, 1, 1, -1, -1, -1, '../2021SEN_KEN/volleyball/04/2107061916490.MOV', 1),
(2060, -1, -1, 1, 1, -1, -1, -1, '../2021SEN_KEN/volleyball/04/210706191720.MOV', 1),
(2061, -1, -1, 1, 1, -1, -1, -1, '../2021SEN_KEN/volleyball/04/2107061917200.MOV', 1),
(2062, -1, -1, 1, 1, -1, -1, -1, '../2021SEN_KEN/volleyball/04/2107061917380.MOV', 1),
(2063, -1, -1, 1, 1, -1, -1, -1, '../2021SEN_KEN/volleyball/04/2107061917390.MOV', 1),
(2064, -1, -1, 1, 1, -1, -1, -1, '../2021SEN_KEN/volleyball/04/2107061917530.MOV', 1),
(2065, -1, -1, 1, 1, -1, -1, -1, '../2021SEN_KEN/volleyball/04/2107061917540.MOV', 1),
(2066, -1, -1, 1, 1, -1, -1, -1, '../2021SEN_KEN/volleyball/04/2107061918100.MOV', 1),
(2067, -1, -1, 1, 1, -1, -1, -1, '../2021SEN_KEN/volleyball/04/2107061918120.MOV', 1),
(2068, -1, -1, 1, 1, -1, -1, -1, '../2021SEN_KEN/volleyball/04/2107061918280.MOV', 1),
(2069, -1, -1, 1, 1, -1, -1, -1, '../2021SEN_KEN/volleyball/04/2107061918290.MOV', 1),
(2070, -1, -1, 1, 1, -1, -1, -1, '../2021SEN_KEN/volleyball/04/2107061924500.MOV', 1),
(2071, -1, -1, 1, 1, -1, -1, -1, '../2021SEN_KEN/volleyball/04/2107061924501.MOV', 1),
(2072, -1, -1, 1, 1, -1, -1, -1, '../2021SEN_KEN/volleyball/04/2107061925130.MOV', 1),
(2073, -1, -1, 1, 1, -1, -1, -1, '../2021SEN_KEN/volleyball/04/2107061925140.MOV', 1),
(2074, -1, -1, 1, 1, -1, -1, -1, '../2021SEN_KEN/volleyball/04/2107061927180.MOV', 1),
(2075, -1, -1, 1, 1, -1, -1, -1, '../2021SEN_KEN/volleyball/04/2107061927200.MOV', 1),
(2076, -1, -1, 1, 1, -1, -1, -1, '../2021SEN_KEN/volleyball/04/2107061927480.MOV', 1),
(2077, -1, -1, 1, 1, -1, -1, -1, '../2021SEN_KEN/volleyball/04/2107061927490.MOV', 1),
(2078, -1, -1, 1, 1, -1, -1, -1, '../2021SEN_KEN/volleyball/04/2107061928040.MOV', 1),
(2079, -1, -1, 1, 1, -1, -1, -1, '../2021SEN_KEN/volleyball/04/2107061928050.MOV', 1),
(2080, -1, -1, 1, 1, -1, -1, -1, '../2021SEN_KEN/volleyball/04/2107061928250.MOV', 1),
(2081, -1, -1, 1, 1, -1, -1, -1, '../2021SEN_KEN/volleyball/04/2107061928251.MOV', 1),
(2082, -1, -1, 1, 1, -1, -1, -1, '../2021SEN_KEN/volleyball/04/2107061928420.MOV', 1),
(2083, -1, -1, 1, 1, -1, -1, -1, '../2021SEN_KEN/volleyball/04/2107061928430.MOV', 1),
(2087, -1, -1, 1, 1, -1, -1, -1, '../2021SEN_KEN/volleyball/02/2106251901181.MOV', 1),
(2088, -1, -1, 1, 1, -1, -1, -1, '../2021SEN_KEN/volleyball/05/IMG_0000.MOV', 1),
(2426, -1, -1, 1, 1, -1, -1, -1, '../2021SEN_KEN/volleyball/05/210706190920.MOV', 1),
(2427, -1, -1, 1, 1, -1, -1, -1, '../2021SEN_KEN/volleyball/05/2108031840100.MOV', 1),
(2428, -1, -1, 1, 1, -1, -1, -1, '../2021SEN_KEN/volleyball/05/2108031840110.MOV', 1),
(2429, -1, -1, 1, 1, -1, -1, -1, '../2021SEN_KEN/volleyball/05/2108031840440.MOV', 1),
(2430, -1, -1, 1, 1, -1, -1, -1, '../2021SEN_KEN/volleyball/05/2108031840450.MOV', 1),
(2431, -1, -1, 1, 1, -1, -1, -1, '../2021SEN_KEN/volleyball/05/2108031841050.MOV', 1),
(2432, -1, -1, 1, 1, -1, -1, -1, '../2021SEN_KEN/volleyball/05/2108031841060.MOV', 1),
(2433, -1, -1, 1, 1, -1, -1, -1, '../2021SEN_KEN/volleyball/05/2108031841220.MOV', 1),
(2434, -1, -1, 1, 1, -1, -1, -1, '../2021SEN_KEN/volleyball/05/2108031841380.MOV', 1),
(2435, -1, -1, 1, 1, -1, -1, -1, '../2021SEN_KEN/volleyball/05/2108031841381.MOV', 1),
(2436, -1, -1, 1, 1, -1, -1, -1, '../2021SEN_KEN/volleyball/05/2108031841580.MOV', 1),
(2437, -1, -1, 1, 1, -1, -1, -1, '../2021SEN_KEN/volleyball/05/2108031841590.MOV', 1),
(2438, -1, -1, 1, 1, -1, -1, -1, '../2021SEN_KEN/volleyball/05/2108031842180.MOV', 1),
(2439, -1, -1, 1, 1, -1, -1, -1, '../2021SEN_KEN/volleyball/05/2108031842181.MOV', 1),
(2440, -1, -1, 1, 1, -1, -1, -1, '../2021SEN_KEN/volleyball/05/2108031842310.MOV', 1),
(2441, -1, -1, 1, 1, -1, -1, -1, '../2021SEN_KEN/volleyball/05/2108031842311.MOV', 1),
(2442, -1, -1, 1, 1, -1, -1, -1, '../2021SEN_KEN/volleyball/05/2108031842580.MOV', 1),
(2443, -1, -1, 1, 1, -1, -1, -1, '../2021SEN_KEN/volleyball/05/2108031843000.MOV', 1),
(2444, -1, -1, 1, 1, -1, -1, -1, '../2021SEN_KEN/volleyball/05/2108031843120.MOV', 1),
(2445, -1, -1, 1, 1, -1, -1, -1, '../2021SEN_KEN/volleyball/05/2108031843121.MOV', 1),
(2446, -1, -1, 1, 1, -1, -1, -1, '../2021SEN_KEN/volleyball/05/2108031845130.MOV', 1),
(2447, -1, -1, 1, 1, -1, -1, -1, '../2021SEN_KEN/volleyball/05/2108031845140.MOV', 1),
(2448, -1, -1, 1, 1, -1, -1, -1, '../2021SEN_KEN/volleyball/05/2108031845310.MOV', 1),
(2449, -1, -1, 1, 1, -1, -1, -1, '../2021SEN_KEN/volleyball/05/2108031845330.MOV', 1),
(2450, -1, -1, 1, 1, -1, -1, -1, '../2021SEN_KEN/volleyball/05/2108031845480.MOV', 1),
(2451, -1, -1, 1, 1, -1, -1, -1, '../2021SEN_KEN/volleyball/05/2108031845481.MOV', 1),
(2452, -1, -1, 1, 1, -1, -1, -1, '../2021SEN_KEN/volleyball/05/2108031846570.MOV', 1),
(2453, -1, -1, 1, 1, -1, -1, -1, '../2021SEN_KEN/volleyball/05/2108031846571.MOV', 1),
(2454, -1, -1, 1, 1, -1, -1, -1, '../2021SEN_KEN/volleyball/05/2108031847120.MOV', 1),
(2455, -1, -1, 1, 1, -1, -1, -1, '../2021SEN_KEN/volleyball/05/2108031847121.MOV', 1),
(2456, -1, -1, 1, 1, -1, -1, -1, '../2021SEN_KEN/volleyball/05/2108031855510.MOV', 1),
(2457, -1, -1, 1, 1, -1, -1, -1, '../2021SEN_KEN/volleyball/05/2108031855520.MOV', 1),
(2458, -1, -1, 1, 1, -1, -1, -1, '../2021SEN_KEN/volleyball/05/2108031856330.MOV', 1),
(2459, -1, -1, 1, 1, -1, -1, -1, '../2021SEN_KEN/volleyball/05/2108031856350.MOV', 1),
(2460, -1, -1, 1, 1, -1, -1, -1, '../2021SEN_KEN/volleyball/05/2108031856480.MOV', 1),
(2461, -1, -1, 1, 1, -1, -1, -1, '../2021SEN_KEN/volleyball/05/2108031856481.MOV', 1),
(2462, -1, -1, 1, 1, -1, -1, -1, '../2021SEN_KEN/volleyball/05/2108031857060.MOV', 1),
(2463, -1, -1, 1, 1, -1, -1, -1, '../2021SEN_KEN/volleyball/05/2108031857070.MOV', 1),
(2464, -1, -1, 1, 1, -1, -1, -1, '../2021SEN_KEN/volleyball/05/2108031857220.MOV', 1),
(2465, -1, -1, 1, 1, -1, -1, -1, '../2021SEN_KEN/volleyball/05/2108031857230.MOV', 1),
(2466, -1, -1, 1, 1, -1, -1, -1, '../2021SEN_KEN/volleyball/05/2108031857370.MOV', 1),
(2467, -1, -1, 1, 1, -1, -1, -1, '../2021SEN_KEN/volleyball/05/2108031857380.MOV', 1),
(2468, -1, -1, 1, 1, -1, -1, -1, '../2021SEN_KEN/volleyball/05/2108031857530.MOV', 1),
(2469, -1, -1, 1, 1, -1, -1, -1, '../2021SEN_KEN/volleyball/05/2108031857531.MOV', 1),
(2470, -1, -1, 1, 1, -1, -1, -1, '../2021SEN_KEN/volleyball/05/2108031858230.MOV', 1),
(2471, -1, -1, 1, 1, -1, -1, -1, '../2021SEN_KEN/volleyball/05/2108031858231.MOV', 1),
(2472, -1, -1, 1, 1, -1, -1, -1, '../2021SEN_KEN/volleyball/05/2108031858370.MOV', 1),
(2473, -1, -1, 1, 1, -1, -1, -1, '../2021SEN_KEN/volleyball/05/2108031859350.MOV', 1),
(2474, -1, -1, 1, 1, -1, -1, -1, '../2021SEN_KEN/volleyball/05/2108031859351.MOV', 1),
(2475, -1, -1, 1, 1, -1, -1, -1, '../2021SEN_KEN/volleyball/05/2108031859550.MOV', 1),
(2476, -1, -1, 1, 1, -1, -1, -1, '../2021SEN_KEN/volleyball/05/2108031900200.MOV', 1),
(2477, -1, -1, 1, 1, -1, -1, -1, '../2021SEN_KEN/volleyball/05/2108031900350.MOV', 1),
(2478, -1, -1, 1, 1, -1, -1, -1, '../2021SEN_KEN/volleyball/05/2108031900520.MOV', 1),
(2479, -1, -1, 1, 1, -1, -1, -1, '../2021SEN_KEN/volleyball/05/2108031901180.MOV', 1),
(2480, -1, -1, 1, 1, -1, -1, -1, '../2021SEN_KEN/volleyball/05/2108031901350.MOV', 1),
(2481, -1, -1, 1, 1, -1, -1, -1, '../2021SEN_KEN/volleyball/05/2108031901490.MOV', 1),
(2482, -1, -1, 1, 1, -1, -1, -1, '../2021SEN_KEN/volleyball/05/2108031902070.MOV', 1),
(2483, -1, -1, 1, 1, -1, -1, -1, '../2021SEN_KEN/volleyball/05/2108031902490.MOV', 1),
(2484, -1, -1, 1, 1, -1, -1, -1, '../2021SEN_KEN/volleyball/05/2108031906460.MOV', 1),
(2485, -1, -1, 1, 1, -1, -1, -1, '../2021SEN_KEN/volleyball/05/2108031906480.MOV', 1),
(2486, -1, -1, 1, 1, -1, -1, -1, '../2021SEN_KEN/volleyball/05/2108031906580.MOV', 1),
(2487, -1, -1, 1, 1, -1, -1, -1, '../2021SEN_KEN/volleyball/05/2108031907000.MOV', 1),
(2488, -1, -1, 1, 1, -1, -1, -1, '../2021SEN_KEN/volleyball/05/2108031907140.MOV', 1),
(2489, -1, -1, 1, 1, -1, -1, -1, '../2021SEN_KEN/volleyball/05/2108031907150.MOV', 1),
(2490, -1, -1, 1, 1, -1, -1, -1, '../2021SEN_KEN/volleyball/05/2108031907280.MOV', 1),
(2491, -1, -1, 1, 1, -1, -1, -1, '../2021SEN_KEN/volleyball/05/2108031907281.MOV', 1),
(2492, -1, -1, 1, 1, -1, -1, -1, '../2021SEN_KEN/volleyball/05/2108031907400.MOV', 1),
(2493, -1, -1, 1, 1, -1, -1, -1, '../2021SEN_KEN/volleyball/05/2108031907410.MOV', 1),
(2494, -1, -1, 1, 1, -1, -1, -1, '../2021SEN_KEN/volleyball/05/2108031909170.MOV', 1),
(2495, -1, -1, 1, 1, -1, -1, -1, '../2021SEN_KEN/volleyball/05/2108031909180.MOV', 1),
(2496, -1, -1, 1, 1, -1, -1, -1, '../2021SEN_KEN/volleyball/05/2108031909340.MOV', 1),
(2497, -1, -1, 1, 1, -1, -1, -1, '../2021SEN_KEN/volleyball/05/2108031909350.MOV', 1),
(2498, -1, -1, 1, 1, -1, -1, -1, '../2021SEN_KEN/volleyball/05/2108031910020.MOV', 1),
(2499, -1, -1, 1, 1, -1, -1, -1, '../2021SEN_KEN/volleyball/05/2108031910021.MOV', 1),
(2500, -1, -1, 1, 1, -1, -1, -1, '../2021SEN_KEN/volleyball/05/2108031910180.MOV', 1),
(2501, -1, -1, 1, 1, -1, -1, -1, '../2021SEN_KEN/volleyball/05/2108031910181.MOV', 1),
(2502, -1, -1, 1, 1, -1, -1, -1, '../2021SEN_KEN/volleyball/06/2108031847590.MOV', 1),
(2503, -1, -1, 1, 1, -1, -1, -1, '../2021SEN_KEN/volleyball/06/2108031848000.MOV', 1),
(2504, -1, -1, 1, 1, -1, -1, -1, '../2021SEN_KEN/volleyball/06/210803184816.MOV', 1),
(2505, -1, -1, 1, 1, -1, -1, -1, '../2021SEN_KEN/volleyball/06/2108031848160.MOV', 1),
(2506, -1, -1, 1, 1, -1, -1, -1, '../2021SEN_KEN/volleyball/06/2108031848300.MOV', 1),
(2507, -1, -1, 1, 1, -1, -1, -1, '../2021SEN_KEN/volleyball/06/2108031848310.MOV', 1),
(2508, -1, -1, 1, 1, -1, -1, -1, '../2021SEN_KEN/volleyball/06/2108031848440.MOV', 1),
(2509, -1, -1, 1, 1, -1, -1, -1, '../2021SEN_KEN/volleyball/06/2108031848450.MOV', 1),
(2510, -1, -1, 1, 1, -1, -1, -1, '../2021SEN_KEN/volleyball/06/2108031849030.MOV', 1),
(2511, -1, -1, 1, 1, -1, -1, -1, '../2021SEN_KEN/volleyball/06/2108031849031.MOV', 1),
(2512, -1, -1, 1, 1, -1, -1, -1, '../2021SEN_KEN/volleyball/06/2108031849210.MOV', 1),
(2513, -1, -1, 1, 1, -1, -1, -1, '../2021SEN_KEN/volleyball/06/2108031849220.MOV', 1),
(2514, -1, -1, 1, 1, -1, -1, -1, '../2021SEN_KEN/volleyball/06/2108031849390.MOV', 1),
(2515, -1, -1, 1, 1, -1, -1, -1, '../2021SEN_KEN/volleyball/06/2108031849400.MOV', 1),
(2516, -1, -1, 1, 1, -1, -1, -1, '../2021SEN_KEN/volleyball/06/2108031849580.MOV', 1),
(2517, -1, -1, 1, 1, -1, -1, -1, '../2021SEN_KEN/volleyball/06/2108031849590.MOV', 1),
(2518, -1, -1, 1, 1, -1, -1, -1, '../2021SEN_KEN/volleyball/06/2108031850140.MOV', 1),
(2519, -1, -1, 1, 1, -1, -1, -1, '../2021SEN_KEN/volleyball/06/2108031850150.MOV', 1),
(2520, -1, -1, 1, 1, -1, -1, -1, '../2021SEN_KEN/volleyball/06/2108031850330.MOV', 1),
(2521, -1, -1, 1, 1, -1, -1, -1, '../2021SEN_KEN/volleyball/06/2108031850340.MOV', 1),
(2522, -1, -1, 1, 1, -1, -1, -1, '../2021SEN_KEN/volleyball/06/2108031859550.MOV', 1),
(2523, -1, -1, 1, 1, -1, -1, -1, '../2021SEN_KEN/volleyball/06/2108031859551.MOV', 1),
(2524, -1, -1, 1, 1, -1, -1, -1, '../2021SEN_KEN/volleyball/06/2108031900190.MOV', 1),
(2525, -1, -1, 1, 1, -1, -1, -1, '../2021SEN_KEN/volleyball/06/2108031900200.MOV', 1),
(2526, -1, -1, 1, 1, -1, -1, -1, '../2021SEN_KEN/volleyball/06/2108031900340.MOV', 1),
(2527, -1, -1, 1, 1, -1, -1, -1, '../2021SEN_KEN/volleyball/06/2108031900350.MOV', 1),
(2528, -1, -1, 1, 1, -1, -1, -1, '../2021SEN_KEN/volleyball/06/2108031900500.MOV', 1),
(2529, -1, -1, 1, 1, -1, -1, -1, '../2021SEN_KEN/volleyball/06/2108031900520.MOV', 1),
(2530, -1, -1, 1, 1, -1, -1, -1, '../2021SEN_KEN/volleyball/06/2108031901180.MOV', 1),
(2531, -1, -1, 1, 1, -1, -1, -1, '../2021SEN_KEN/volleyball/06/2108031901181.MOV', 1),
(2532, -1, -1, 1, 1, -1, -1, -1, '../2021SEN_KEN/volleyball/06/2108031901340.MOV', 1),
(2533, -1, -1, 1, 1, -1, -1, -1, '../2021SEN_KEN/volleyball/06/2108031901350.MOV', 1),
(2534, -1, -1, 1, 1, -1, -1, -1, '../2021SEN_KEN/volleyball/06/2108031901490.MOV', 1),
(2535, -1, -1, 1, 1, -1, -1, -1, '../2021SEN_KEN/volleyball/06/2108031901500.MOV', 1),
(2536, -1, -1, 1, 1, -1, -1, -1, '../2021SEN_KEN/volleyball/06/2108031902070.MOV', 1),
(2537, -1, -1, 1, 1, -1, -1, -1, '../2021SEN_KEN/volleyball/06/2108031902071.MOV', 1),
(2538, -1, -1, 1, 1, -1, -1, -1, '../2021SEN_KEN/volleyball/06/2108031902480.MOV', 1),
(2539, -1, -1, 1, 1, -1, -1, -1, '../2021SEN_KEN/volleyball/06/2108031902490.MOV', 1),
(2540, -1, -1, 1, 1, -1, -1, -1, '../2021SEN_KEN/volleyball/06/2108031910180.MOV', 1),
(2541, -1, -1, 1, 1, -1, -1, -1, '../2021SEN_KEN/volleyball/06/2108031911480.MOV', 1),
(2542, -1, -1, 1, 1, -1, -1, -1, '../2021SEN_KEN/volleyball/06/2108031911481.MOV', 1),
(2543, -1, -1, 1, 1, -1, -1, -1, '../2021SEN_KEN/volleyball/06/2108031912270.MOV', 1),
(2544, -1, -1, 1, 1, -1, -1, -1, '../2021SEN_KEN/volleyball/06/2108031912271.MOV', 1),
(2545, -1, -1, 1, 1, -1, -1, -1, '../2021SEN_KEN/volleyball/06/2108031913070.MOV', 1),
(2546, -1, -1, 1, 1, -1, -1, -1, '../2021SEN_KEN/volleyball/06/2108031913071.MOV', 1),
(2547, -1, -1, 1, 1, -1, -1, -1, '../2021SEN_KEN/volleyball/06/2108031913220.MOV', 1),
(2548, -1, -1, 1, 1, -1, -1, -1, '../2021SEN_KEN/volleyball/06/2108031913221.MOV', 1),
(2549, -1, -1, 1, 1, -1, -1, -1, '../2021SEN_KEN/volleyball/06/2108031913370.MOV', 1),
(2550, -1, -1, 1, 1, -1, -1, -1, '../2021SEN_KEN/volleyball/06/2108031913371.MOV', 1),
(2551, -1, -1, 1, 1, -1, -1, -1, '../2021SEN_KEN/volleyball/06/2108031913560.MOV', 1),
(2552, -1, -1, 1, 1, -1, -1, -1, '../2021SEN_KEN/volleyball/06/2108031913561.MOV', 1),
(2553, -1, -1, 1, 1, -1, -1, -1, '../2021SEN_KEN/volleyball/06/2108031914140.MOV', 1),
(2554, -1, -1, 1, 1, -1, -1, -1, '../2021SEN_KEN/volleyball/06/2108031914141.MOV', 1),
(2555, -1, -1, 1, 1, -1, -1, -1, '../2021SEN_KEN/volleyball/06/2108031914300.MOV', 1),
(2556, -1, -1, 1, 1, -1, -1, -1, '../2021SEN_KEN/volleyball/06/2108031914430.MOV', 1),
(2557, -1, -1, 1, 1, -1, -1, -1, '../2021SEN_KEN/volleyball/06/2108031915040.MOV', 1),
(2558, -1, -1, 1, 1, -1, -1, -1, '../2021SEN_KEN/volleyball/06/2108031915050.MOV', 1),
(2559, -1, -1, 1, 1, -1, -1, -1, '../2021SEN_KEN/volleyball/06/2108041906330.MOV', 1),
(2560, -1, -1, 1, 1, -1, -1, -1, '../2021SEN_KEN/volleyball/06/2108041906570.MOV', 1),
(2561, -1, -1, 1, 1, -1, -1, -1, '../2021SEN_KEN/volleyball/06/2108041907300.MOV', 1),
(2562, -1, -1, 1, 1, -1, -1, -1, '../2021SEN_KEN/volleyball/06/2108041907500.MOV', 1),
(2563, -1, -1, 1, 1, -1, -1, -1, '../2021SEN_KEN/volleyball/06/2108041908210.MOV', 1),
(2564, -1, -1, 1, 1, -1, -1, -1, '../2021SEN_KEN/volleyball/06/2108041914590.MOV', 1),
(2565, -1, -1, 1, 1, -1, -1, -1, '../2021SEN_KEN/volleyball/06/2108041915370.MOV', 1),
(2566, -1, -1, 1, 1, -1, -1, -1, '../2021SEN_KEN/volleyball/06/2108041915510.MOV', 1),
(2567, -1, -1, 1, 1, -1, -1, -1, '../2021SEN_KEN/volleyball/06/2108041916050.MOV', 1),
(2568, -1, -1, 1, 1, -1, -1, -1, '../2021SEN_KEN/volleyball/06/2108041916260.MOV', 1),
(2569, -1, -1, 1, 1, -1, -1, -1, '../2021SEN_KEN/volleyball/06/2108041916400.MOV', 1),
(2570, -1, -1, 1, 1, -1, -1, -1, '../2021SEN_KEN/volleyball/06/2108041916560.MOV', 1),
(2571, -1, -1, 1, 1, -1, -1, -1, '../2021SEN_KEN/volleyball/06/2108041923020.MOV', 1),
(2572, -1, -1, 1, 1, -1, -1, -1, '../2021SEN_KEN/volleyball/06/2108041923350.MOV', 1),
(2573, -1, -1, 1, 1, -1, -1, -1, '../2021SEN_KEN/volleyball/06/2108041924340.MOV', 1),
(2574, -1, -1, 1, 1, -1, -1, -1, '../2021SEN_KEN/volleyball/06/2108041925000.MOV', 1),
(2575, -1, -1, 1, 1, -1, -1, -1, '../2021SEN_KEN/volleyball/06/2108041925300.MOV', 1),
(2576, -1, -1, 1, 1, -1, -1, -1, '../2021SEN_KEN/volleyball/06/2108041925430.MOV', 1),
(2577, -1, -1, 1, 1, -1, -1, -1, '../2021SEN_KEN/volleyball/06/2108041927110.MOV', 1),
(2578, -1, -1, 1, 1, -1, -1, -1, '../2021SEN_KEN/volleyball/06/2108041927300.MOV', 1),
(2579, -1, -1, 1, 1, -1, -1, -1, '../2021SEN_KEN/volleyball/06/2108041928060.MOV', 1),
(2580, -1, -1, 1, 1, -1, -1, -1, '../2021SEN_KEN/volleyball/07/2108031850590.MOV', 1),
(2581, -1, -1, 1, 1, -1, -1, -1, '../2021SEN_KEN/volleyball/07/2108031851000.MOV', 1),
(2582, -1, -1, 1, 1, -1, -1, -1, '../2021SEN_KEN/volleyball/07/2108031851290.MOV', 1),
(2583, -1, -1, 1, 1, -1, -1, -1, '../2021SEN_KEN/volleyball/07/2108031851300.MOV', 1),
(2584, -1, -1, 1, 1, -1, -1, -1, '../2021SEN_KEN/volleyball/07/2108031851430.MOV', 1),
(2585, -1, -1, 1, 1, -1, -1, -1, '../2021SEN_KEN/volleyball/07/2108031851440.MOV', 1),
(2586, -1, -1, 1, 1, -1, -1, -1, '../2021SEN_KEN/volleyball/07/2108031852050.MOV', 1),
(2587, -1, -1, 1, 1, -1, -1, -1, '../2021SEN_KEN/volleyball/07/2108031852060.MOV', 1),
(2588, -1, -1, 1, 1, -1, -1, -1, '../2021SEN_KEN/volleyball/07/210803185221.MOV', 1),
(2589, -1, -1, 1, 1, -1, -1, -1, '../2021SEN_KEN/volleyball/07/2108031852210.MOV', 1),
(2590, -1, -1, 1, 1, -1, -1, -1, '../2021SEN_KEN/volleyball/07/2108031852390.MOV', 1),
(2591, -1, -1, 1, 1, -1, -1, -1, '../2021SEN_KEN/volleyball/07/2108031852400.MOV', 1),
(2592, -1, -1, 1, 1, -1, -1, -1, '../2021SEN_KEN/volleyball/07/2108031853030.MOV', 1),
(2593, -1, -1, 1, 1, -1, -1, -1, '../2021SEN_KEN/volleyball/07/2108031853040.MOV', 1),
(2594, -1, -1, 1, 1, -1, -1, -1, '../2021SEN_KEN/volleyball/07/2108031853470.MOV', 1),
(2595, -1, -1, 1, 1, -1, -1, -1, '../2021SEN_KEN/volleyball/07/2108031853471.MOV', 1),
(2596, -1, -1, 1, 1, -1, -1, -1, '../2021SEN_KEN/volleyball/07/2108031854070.MOV', 1),
(2597, -1, -1, 1, 1, -1, -1, -1, '../2021SEN_KEN/volleyball/07/2108031854071.MOV', 1),
(2598, -1, -1, 1, 1, -1, -1, -1, '../2021SEN_KEN/volleyball/07/2108031903230.MOV', 1),
(2599, -1, -1, 1, 1, -1, -1, -1, '../2021SEN_KEN/volleyball/07/2108031903231.MOV', 1),
(2600, -1, -1, 1, 1, -1, -1, -1, '../2021SEN_KEN/volleyball/07/2108031903350.MOV', 1),
(2601, -1, -1, 1, 1, -1, -1, -1, '../2021SEN_KEN/volleyball/07/2108031903351.MOV', 1),
(2602, -1, -1, 1, 1, -1, -1, -1, '../2021SEN_KEN/volleyball/07/2108031903480.MOV', 1),
(2603, -1, -1, 1, 1, -1, -1, -1, '../2021SEN_KEN/volleyball/07/2108031903490.MOV', 1);
INSERT INTO `yolo_video_table` (`video_id`, `frame1`, `frame2`, `ball_id`, `player_id`, `ans_id`, `x_coordinate`, `y_coordinate`, `video_path`, `yolo_flag`) VALUES
(2604, -1, -1, 1, 1, -1, -1, -1, '../2021SEN_KEN/volleyball/07/2108031904000.MOV', 1),
(2605, -1, -1, 1, 1, -1, -1, -1, '../2021SEN_KEN/volleyball/07/2108031904010.MOV', 1),
(2606, -1, -1, 1, 1, -1, -1, -1, '../2021SEN_KEN/volleyball/07/2108031904130.MOV', 1),
(2607, -1, -1, 1, 1, -1, -1, -1, '../2021SEN_KEN/volleyball/07/2108031904131.MOV', 1),
(2608, -1, -1, 1, 1, -1, -1, -1, '../2021SEN_KEN/volleyball/07/2108031904260.MOV', 1),
(2609, -1, -1, 1, 1, -1, -1, -1, '../2021SEN_KEN/volleyball/07/2108031904261.MOV', 1),
(2610, -1, -1, 1, 1, -1, -1, -1, '../2021SEN_KEN/volleyball/07/2108031904380.MOV', 1),
(2611, -1, -1, 1, 1, -1, -1, -1, '../2021SEN_KEN/volleyball/07/2108031904390.MOV', 1),
(2612, -1, -1, 1, 1, -1, -1, -1, '../2021SEN_KEN/volleyball/07/2108031904540.MOV', 1),
(2613, -1, -1, 1, 1, -1, -1, -1, '../2021SEN_KEN/volleyball/07/2108031904541.MOV', 1),
(2614, -1, -1, 1, 1, -1, -1, -1, '../2021SEN_KEN/volleyball/07/2108031905080.MOV', 1),
(2615, -1, -1, 1, 1, -1, -1, -1, '../2021SEN_KEN/volleyball/07/2108031905090.MOV', 1),
(2616, -1, -1, 1, 1, -1, -1, -1, '../2021SEN_KEN/volleyball/07/2108031905220.MOV', 1),
(2617, -1, -1, 1, 1, -1, -1, -1, '../2021SEN_KEN/volleyball/07/2108031905221.MOV', 1),
(2618, -1, -1, 1, 1, -1, -1, -1, '../2021SEN_KEN/volleyball/07/2108031905370.MOV', 1),
(2619, -1, -1, 1, 1, -1, -1, -1, '../2021SEN_KEN/volleyball/07/2108031905550.MOV', 1),
(2620, -1, -1, 1, 1, -1, -1, -1, '../2021SEN_KEN/volleyball/07/2108031915550.MOV', 1),
(2621, -1, -1, 1, 1, -1, -1, -1, '../2021SEN_KEN/volleyball/07/2108031915551.MOV', 1),
(2622, -1, -1, 1, 1, -1, -1, -1, '../2021SEN_KEN/volleyball/07/2108031916070.MOV', 1),
(2623, -1, -1, 1, 1, -1, -1, -1, '../2021SEN_KEN/volleyball/07/2108031916080.MOV', 1),
(2624, -1, -1, 1, 1, -1, -1, -1, '../2021SEN_KEN/volleyball/07/2108031916240.MOV', 1),
(2625, -1, -1, 1, 1, -1, -1, -1, '../2021SEN_KEN/volleyball/07/2108031916250.MOV', 1),
(2626, -1, -1, 1, 1, -1, -1, -1, '../2021SEN_KEN/volleyball/07/2108031916580.MOV', 1),
(2627, -1, -1, 1, 1, -1, -1, -1, '../2021SEN_KEN/volleyball/07/2108031916581.MOV', 1),
(2628, -1, -1, 1, 1, -1, -1, -1, '../2021SEN_KEN/volleyball/07/2108031917120.MOV', 1),
(2629, -1, -1, 1, 1, -1, -1, -1, '../2021SEN_KEN/volleyball/07/2108031917130.MOV', 1),
(2630, -1, -1, 1, 1, -1, -1, -1, '../2021SEN_KEN/volleyball/07/2108031917300.MOV', 1),
(2631, -1, -1, 1, 1, -1, -1, -1, '../2021SEN_KEN/volleyball/07/2108031917301.MOV', 1),
(2632, -1, -1, 1, 1, -1, -1, -1, '../2021SEN_KEN/volleyball/07/2108031917490.MOV', 1),
(2633, -1, -1, 1, 1, -1, -1, -1, '../2021SEN_KEN/volleyball/07/2108031917491.MOV', 1),
(2634, -1, -1, 1, 1, -1, -1, -1, '../2021SEN_KEN/volleyball/07/2108031918400.MOV', 1),
(2635, -1, -1, 1, 1, -1, -1, -1, '../2021SEN_KEN/volleyball/07/2108031918410.MOV', 1),
(2636, -1, -1, 1, 1, -1, -1, -1, '../2021SEN_KEN/volleyball/07/2108031918550.MOV', 1),
(2637, -1, -1, 1, 1, -1, -1, -1, '../2021SEN_KEN/volleyball/07/2108031918551.MOV', 1),
(3845, -1, -1, 2, 1, -1, -1, -1, '../2021SEN_KEN/badminton/01/IMG_0804.MOV', 1),
(3846, -1, -1, 2, 1, -1, -1, -1, '../2021SEN_KEN/badminton/01/IMG_0805.MOV', 1),
(3847, -1, -1, 2, 1, -1, -1, -1, '../2021SEN_KEN/badminton/01/IMG_0806.MOV', 1),
(3848, -1, -1, 2, 1, -1, -1, -1, '../2021SEN_KEN/badminton/01/IMG_0807.MOV', 1),
(3849, -1, -1, 2, 1, -1, -1, -1, '../2021SEN_KEN/badminton/01/IMG_0808.MOV', 1),
(3850, -1, -1, 2, 1, -1, -1, -1, '../2021SEN_KEN/badminton/01/IMG_0809.MOV', 1),
(3851, -1, -1, 2, 1, -1, -1, -1, '../2021SEN_KEN/badminton/01/IMG_0810.MOV', 1),
(3852, -1, -1, 2, 1, -1, -1, -1, '../2021SEN_KEN/badminton/01/IMG_0812.MOV', 1),
(3853, -1, -1, 2, 1, -1, -1, -1, '../2021SEN_KEN/badminton/01/IMG_0813.MOV', 1),
(3854, -1, -1, 2, 1, -1, -1, -1, '../2021SEN_KEN/badminton/01/IMG_0814.MOV', 1),
(3855, -1, -1, 2, 1, -1, -1, -1, '../2021SEN_KEN/badminton/01/IMG_0815.MOV', 1),
(3856, -1, -1, 2, 1, -1, -1, -1, '../2021SEN_KEN/badminton/01/IMG_0817.MOV', 1),
(3857, -1, -1, 2, 1, -1, -1, -1, '../2021SEN_KEN/badminton/01/IMG_0818.MOV', 1),
(3858, -1, -1, 2, 1, -1, -1, -1, '../2021SEN_KEN/badminton/01/IMG_0819.MOV', 1),
(3859, -1, -1, 2, 1, -1, -1, -1, '../2021SEN_KEN/badminton/01/IMG_0820.MOV', 1),
(3860, -1, -1, 2, 1, -1, -1, -1, '../2021SEN_KEN/badminton/01/IMG_0821.MOV', 1),
(3861, -1, -1, 2, 1, -1, -1, -1, '../2021SEN_KEN/badminton/01/IMG_0822.MOV', 1),
(3862, -1, -1, 2, 1, -1, -1, -1, '../2021SEN_KEN/badminton/01/IMG_0823.MOV', 1),
(3863, -1, -1, 2, 1, -1, -1, -1, '../2021SEN_KEN/badminton/01/IMG_0824.MOV', 1),
(3864, -1, -1, 2, 1, -1, -1, -1, '../2021SEN_KEN/badminton/01/IMG_0825.MOV', 1),
(3865, -1, -1, 2, 1, -1, -1, -1, '../2021SEN_KEN/badminton/01/IMG_0826.MOV', 1),
(3866, -1, -1, 2, 1, -1, -1, -1, '../2021SEN_KEN/badminton/01/IMG_0827.MOV', 1),
(3867, -1, -1, 2, 1, -1, -1, -1, '../2021SEN_KEN/badminton/01/IMG_0828.MOV', 1),
(3868, -1, -1, 2, 1, -1, -1, -1, '../2021SEN_KEN/badminton/01/IMG_0829.MOV', 1),
(3869, -1, -1, 2, 1, -1, -1, -1, '../2021SEN_KEN/badminton/01/IMG_0830.MOV', 1),
(3870, -1, -1, 2, 1, -1, -1, -1, '../2021SEN_KEN/badminton/01/IMG_0832.MOV', 1),
(3871, -1, -1, 2, 1, -1, -1, -1, '../2021SEN_KEN/badminton/01/IMG_0833.MOV', 1),
(3872, -1, -1, 2, 1, -1, -1, -1, '../2021SEN_KEN/badminton/01/IMG_0835.MOV', 1),
(3873, -1, -1, 2, 1, -1, -1, -1, '../2021SEN_KEN/badminton/01/IMG_0837.MOV', 1),
(3874, -1, -1, 2, 1, -1, -1, -1, '../2021SEN_KEN/badminton/01/IMG_0838.MOV', 1),
(3875, -1, -1, 2, 1, -1, -1, -1, '../2021SEN_KEN/badminton/01/IMG_0839.MOV', 1),
(3876, -1, -1, 2, 1, -1, -1, -1, '../2021SEN_KEN/badminton/01/IMG_0840.MOV', 1),
(3877, -1, -1, 2, 1, -1, -1, -1, '../2021SEN_KEN/badminton/01/IMG_0841.MOV', 1),
(3878, -1, -1, 2, 1, -1, -1, -1, '../2021SEN_KEN/badminton/01/IMG_0842.MOV', 1),
(3879, -1, -1, 2, 1, -1, -1, -1, '../2021SEN_KEN/badminton/01/IMG_0843.MOV', 1),
(3880, -1, -1, 2, 1, -1, -1, -1, '../2021SEN_KEN/badminton/01/IMG_0844.MOV', 1),
(3881, -1, -1, 2, 1, -1, -1, -1, '../2021SEN_KEN/badminton/01/IMG_0845.MOV', 1),
(3882, -1, -1, 2, 1, -1, -1, -1, '../2021SEN_KEN/badminton/01/IMG_0846.MOV', 1),
(3883, -1, -1, 2, 1, -1, -1, -1, '../2021SEN_KEN/badminton/01/IMG_0848.MOV', 1),
(3884, -1, -1, 2, 1, -1, -1, -1, '../2021SEN_KEN/badminton/01/IMG_0849.MOV', 1),
(3885, -1, -1, 2, 1, -1, -1, -1, '../2021SEN_KEN/badminton/01/IMG_0850.MOV', 1),
(3886, -1, -1, 2, 1, -1, -1, -1, '../2021SEN_KEN/badminton/01/IMG_0852.MOV', 1),
(3887, -1, -1, 2, 1, -1, -1, -1, '../2021SEN_KEN/badminton/01/IMG_0853.MOV', 1),
(3888, -1, -1, 2, 1, -1, -1, -1, '../2021SEN_KEN/badminton/01/IMG_0854.MOV', 1),
(3889, -1, -1, 2, 1, -1, -1, -1, '../2021SEN_KEN/badminton/01/IMG_0855.MOV', 1),
(3890, -1, -1, 2, 1, -1, -1, -1, '../2021SEN_KEN/badminton/01/IMG_0856.MOV', 1),
(3891, -1, -1, 2, 1, -1, -1, -1, '../2021SEN_KEN/badminton/01/IMG_0857.MOV', 1),
(3892, -1, -1, 2, 1, -1, -1, -1, '../2021SEN_KEN/badminton/01/IMG_0858.MOV', 1),
(3893, -1, -1, 2, 1, -1, -1, -1, '../2021SEN_KEN/badminton/01/IMG_0860.MOV', 1),
(3894, -1, -1, 2, 1, -1, -1, -1, '../2021SEN_KEN/badminton/01/IMG_0861.MOV', 1),
(3895, -1, -1, 2, 1, -1, -1, -1, '../2021SEN_KEN/badminton/01/IMG_0862.MOV', 1),
(3896, -1, -1, 2, 1, -1, -1, -1, '../2021SEN_KEN/badminton/01/IMG_0863.MOV', 1),
(3897, -1, -1, 2, 1, -1, -1, -1, '../2021SEN_KEN/badminton/01/IMG_0865.MOV', 1),
(3898, -1, -1, 2, 1, -1, -1, -1, '../2021SEN_KEN/badminton/01/IMG_0867.MOV', 1),
(3899, -1, -1, 2, 1, -1, -1, -1, '../2021SEN_KEN/badminton/01/IMG_0868.MOV', 1),
(3900, -1, -1, 2, 1, -1, -1, -1, '../2021SEN_KEN/badminton/01/IMG_0869.MOV', 1),
(3901, -1, -1, 2, 1, -1, -1, -1, '../2021SEN_KEN/badminton/01/IMG_0870.MOV', 1),
(3902, -1, -1, 2, 1, -1, -1, -1, '../2021SEN_KEN/badminton/01/IMG_0871.MOV', 1),
(3903, -1, -1, 2, 1, -1, -1, -1, '../2021SEN_KEN/badminton/01/IMG_0872.MOV', 1),
(3904, -1, -1, 2, 1, -1, -1, -1, '../2021SEN_KEN/badminton/01/IMG_0873.MOV', 1),
(3905, -1, -1, 2, 1, -1, -1, -1, '../2021SEN_KEN/badminton/01/IMG_0874.MOV', 1),
(3906, -1, -1, 2, 1, -1, -1, -1, '../2021SEN_KEN/badminton/01/IMG_0875.MOV', 1),
(3907, -1, -1, 2, 1, -1, -1, -1, '../2021SEN_KEN/badminton/01/IMG_0876.MOV', 1),
(3908, -1, -1, 2, 1, -1, -1, -1, '../2021SEN_KEN/badminton/01/IMG_0878.MOV', 1),
(3909, -1, -1, 2, 1, -1, -1, -1, '../2021SEN_KEN/badminton/01/IMG_0879.MOV', 1),
(3910, -1, -1, 2, 1, -1, -1, -1, '../2021SEN_KEN/badminton/01/IMG_0880.MOV', 1),
(3911, -1, -1, 2, 1, -1, -1, -1, '../2021SEN_KEN/badminton/01/IMG_0881.MOV', 1),
(3912, -1, -1, 2, 1, -1, -1, -1, '../2021SEN_KEN/badminton/01/IMG_0882.MOV', 1),
(3913, -1, -1, 2, 1, -1, -1, -1, '../2021SEN_KEN/badminton/01/IMG_0883.MOV', 1),
(3914, -1, -1, 2, 1, -1, -1, -1, '../2021SEN_KEN/badminton/01/IMG_0884.MOV', 1),
(3915, -1, -1, 2, 1, -1, -1, -1, '../2021SEN_KEN/badminton/01/IMG_0885.MOV', 1),
(3916, -1, -1, 2, 1, -1, -1, -1, '../2021SEN_KEN/badminton/01/IMG_0886.MOV', 1),
(3917, -1, -1, 2, 1, -1, -1, -1, '../2021SEN_KEN/badminton/01/IMG_0887.MOV', 1),
(3918, -1, -1, 2, 1, -1, -1, -1, '../2021SEN_KEN/badminton/01/IMG_0889.MOV', 1),
(3919, -1, -1, 2, 1, -1, -1, -1, '../2021SEN_KEN/badminton/01/IMG_0890.MOV', 1),
(3920, -1, -1, 2, 1, -1, -1, -1, '../2021SEN_KEN/badminton/01/IMG_0892.MOV', 1),
(3921, -1, -1, 2, 1, -1, -1, -1, '../2021SEN_KEN/badminton/01/IMG_0893.MOV', 1),
(3922, -1, -1, 2, 1, -1, -1, -1, '../2021SEN_KEN/badminton/01/IMG_0894.MOV', 1),
(3923, -1, -1, 2, 1, -1, -1, -1, '../2021SEN_KEN/badminton/01/IMG_0895.MOV', 1),
(3924, -1, -1, 2, 1, -1, -1, -1, '../2021SEN_KEN/badminton/01/IMG_0896.MOV', 1),
(3925, -1, -1, 2, 1, -1, -1, -1, '../2021SEN_KEN/badminton/01/IMG_0897.MOV', 1),
(3926, -1, -1, 2, 1, -1, -1, -1, '../2021SEN_KEN/badminton/01/IMG_0898.MOV', 1),
(3927, -1, -1, 2, 1, -1, -1, -1, '../2021SEN_KEN/badminton/01/IMG_0900.MOV', 1),
(3928, -1, -1, 2, 1, -1, -1, -1, '../2021SEN_KEN/badminton/01/IMG_0901.MOV', 1),
(3929, -1, -1, 2, 1, -1, -1, -1, '../2021SEN_KEN/badminton/01/IMG_0903.MOV', 1),
(3930, -1, -1, 2, 1, -1, -1, -1, '../2021SEN_KEN/badminton/01/IMG_0904.MOV', 1),
(3931, -1, -1, 2, 1, -1, -1, -1, '../2021SEN_KEN/badminton/01/IMG_0905.MOV', 1),
(3932, -1, -1, 2, 1, -1, -1, -1, '../2021SEN_KEN/badminton/02/2106041957530.MOV', 1),
(3933, -1, -1, 2, 1, -1, -1, -1, '../2021SEN_KEN/badminton/02/2106041958010.MOV', 1),
(3934, -1, -1, 2, 1, -1, -1, -1, '../2021SEN_KEN/badminton/02/2106041958150.MOV', 1),
(3935, -1, -1, 2, 1, -1, -1, -1, '../2021SEN_KEN/badminton/02/2106041958270.MOV', 1),
(3936, -1, -1, 2, 1, -1, -1, -1, '../2021SEN_KEN/badminton/02/2106041958380.MOV', 1),
(3937, -1, -1, 2, 1, -1, -1, -1, '../2021SEN_KEN/badminton/02/2106041958460.MOV', 1),
(3938, -1, -1, 2, 1, -1, -1, -1, '../2021SEN_KEN/badminton/02/2106161901140.MOV', 1),
(3939, -1, -1, 2, 1, -1, -1, -1, '../2021SEN_KEN/badminton/02/2106161901141.MOV', 1),
(3940, -1, -1, 2, 1, -1, -1, -1, '../2021SEN_KEN/badminton/02/2106161901370.MOV', 1),
(3941, -1, -1, 2, 1, -1, -1, -1, '../2021SEN_KEN/badminton/02/2106161901371.MOV', 1),
(3942, -1, -1, 2, 1, -1, -1, -1, '../2021SEN_KEN/badminton/02/2106161901460.MOV', 1),
(3943, -1, -1, 2, 1, -1, -1, -1, '../2021SEN_KEN/badminton/02/2106161901461.MOV', 1),
(3944, -1, -1, 2, 1, -1, -1, -1, '../2021SEN_KEN/badminton/02/2106161901530.MOV', 1),
(3945, -1, -1, 2, 1, -1, -1, -1, '../2021SEN_KEN/badminton/02/2106161901531.MOV', 1),
(3946, -1, -1, 2, 1, -1, -1, -1, '../2021SEN_KEN/badminton/02/2106161901580.MOV', 1),
(3947, -1, -1, 2, 1, -1, -1, -1, '../2021SEN_KEN/badminton/02/2106161901581.MOV', 1),
(3948, -1, -1, 2, 1, -1, -1, -1, '../2021SEN_KEN/badminton/02/2106161902180.MOV', 1),
(3949, -1, -1, 2, 1, -1, -1, -1, '../2021SEN_KEN/badminton/02/2106161902181.MOV', 1),
(3950, -1, -1, 2, 1, -1, -1, -1, '../2021SEN_KEN/badminton/02/2106161902230.MOV', 1),
(3951, -1, -1, 2, 1, -1, -1, -1, '../2021SEN_KEN/badminton/02/2106161902231.MOV', 1),
(3952, -1, -1, 2, 1, -1, -1, -1, '../2021SEN_KEN/badminton/02/2106161902300.MOV', 1),
(3953, -1, -1, 2, 1, -1, -1, -1, '../2021SEN_KEN/badminton/02/2106161902301.MOV', 1),
(3954, -1, -1, 2, 1, -1, -1, -1, '../2021SEN_KEN/badminton/02/2106161902350.MOV', 1),
(3955, -1, -1, 2, 1, -1, -1, -1, '../2021SEN_KEN/badminton/02/2106161902351.MOV', 1),
(3956, -1, -1, 2, 1, -1, -1, -1, '../2021SEN_KEN/badminton/02/2106161902430.MOV', 1),
(3957, -1, -1, 2, 1, -1, -1, -1, '../2021SEN_KEN/badminton/02/2106161903060.MOV', 1),
(3958, -1, -1, 2, 1, -1, -1, -1, '../2021SEN_KEN/badminton/02/2106161903061.MOV', 1),
(3959, -1, -1, 2, 1, -1, -1, -1, '../2021SEN_KEN/badminton/02/2106161903110.MOV', 1),
(3960, -1, -1, 2, 1, -1, -1, -1, '../2021SEN_KEN/badminton/02/2106161903111.MOV', 1),
(3961, -1, -1, 2, 1, -1, -1, -1, '../2021SEN_KEN/badminton/02/2106161903160.MOV', 1),
(3962, -1, -1, 2, 1, -1, -1, -1, '../2021SEN_KEN/badminton/02/2106161903161.MOV', 1),
(3963, -1, -1, 2, 1, -1, -1, -1, '../2021SEN_KEN/badminton/02/2106161903280.MOV', 1),
(3964, -1, -1, 2, 1, -1, -1, -1, '../2021SEN_KEN/badminton/02/2106161903420.MOV', 1),
(3965, -1, -1, 2, 1, -1, -1, -1, '../2021SEN_KEN/badminton/02/2106161903480.MOV', 1),
(3966, -1, -1, 2, 1, -1, -1, -1, '../2021SEN_KEN/badminton/02/2106161903530.MOV', 1),
(3967, -1, -1, 2, 1, -1, -1, -1, '../2021SEN_KEN/badminton/02/2106161903590.MOV', 1),
(3968, -1, -1, 2, 1, -1, -1, -1, '../2021SEN_KEN/badminton/02/2106161904420.MOV', 1),
(3969, -1, -1, 2, 1, -1, -1, -1, '../2021SEN_KEN/badminton/02/2106161904510.MOV', 1),
(3970, -1, -1, 2, 1, -1, -1, -1, '../2021SEN_KEN/badminton/02/2106161904570.MOV', 1),
(3971, -1, -1, 2, 1, -1, -1, -1, '../2021SEN_KEN/badminton/02/2106161905020.MOV', 1),
(3972, -1, -1, 2, 1, -1, -1, -1, '../2021SEN_KEN/badminton/02/2106161905170.MOV', 1),
(3973, -1, -1, 2, 1, -1, -1, -1, '../2021SEN_KEN/badminton/02/2106161906250.MOV', 1),
(3974, -1, -1, 2, 1, -1, -1, -1, '../2021SEN_KEN/badminton/02/2106161906300.MOV', 1),
(3975, -1, -1, 2, 1, -1, -1, -1, '../2021SEN_KEN/badminton/02/2106161906390.MOV', 1),
(3976, -1, -1, 2, 1, -1, -1, -1, '../2021SEN_KEN/badminton/02/2106161906450.MOV', 1),
(3977, -1, -1, 2, 1, -1, -1, -1, '../2021SEN_KEN/badminton/02/2106161906500.MOV', 1),
(3978, -1, -1, 2, 1, -1, -1, -1, '../2021SEN_KEN/badminton/02/2106161907120.MOV', 1),
(3979, -1, -1, 2, 1, -1, -1, -1, '../2021SEN_KEN/badminton/02/2106161907190.MOV', 1),
(3980, -1, -1, 2, 1, -1, -1, -1, '../2021SEN_KEN/badminton/02/2106161907290.MOV', 1),
(3981, -1, -1, 2, 1, -1, -1, -1, '../2021SEN_KEN/badminton/02/2106161907340.MOV', 1),
(3982, -1, -1, 2, 1, -1, -1, -1, '../2021SEN_KEN/badminton/02/2106161907400.MOV', 1),
(3983, -1, -1, 2, 1, -1, -1, -1, '../2021SEN_KEN/badminton/02/2106161907460.MOV', 1),
(3984, -1, -1, 2, 1, -1, -1, -1, '../2021SEN_KEN/badminton/02/2106161908000.MOV', 1),
(3985, -1, -1, 2, 1, -1, -1, -1, '../2021SEN_KEN/badminton/02/2106161908050.MOV', 1),
(3986, -1, -1, 2, 1, -1, -1, -1, '../2021SEN_KEN/badminton/02/2106161908110.MOV', 1),
(3987, -1, -1, 2, 1, -1, -1, -1, '../2021SEN_KEN/badminton/02/2106161908150.MOV', 1),
(3988, -1, -1, 2, 1, -1, -1, -1, '../2021SEN_KEN/badminton/02/2106161908200.MOV', 1),
(3989, -1, -1, 2, 1, -1, -1, -1, '../2021SEN_KEN/badminton/02/2106161908250.MOV', 1),
(3990, -1, -1, 2, 1, -1, -1, -1, '../2021SEN_KEN/badminton/02/2106161908440.MOV', 1),
(3991, -1, -1, 2, 1, -1, -1, -1, '../2021SEN_KEN/badminton/02/2106161908480.MOV', 1),
(3992, -1, -1, 2, 1, -1, -1, -1, '../2021SEN_KEN/badminton/02/2106161908520.MOV', 1),
(3993, -1, -1, 2, 1, -1, -1, -1, '../2021SEN_KEN/badminton/02/2106161908560.MOV', 1),
(3994, -1, -1, 2, 1, -1, -1, -1, '../2021SEN_KEN/badminton/02/2106161909000.MOV', 1),
(3995, -1, -1, 2, 1, -1, -1, -1, '../2021SEN_KEN/badminton/02/2106161909270.MOV', 1),
(3996, -1, -1, 2, 1, -1, -1, -1, '../2021SEN_KEN/badminton/02/2106161909320.MOV', 1),
(3997, -1, -1, 2, 1, -1, -1, -1, '../2021SEN_KEN/badminton/02/2106161909360.MOV', 1),
(3998, -1, -1, 2, 1, -1, -1, -1, '../2021SEN_KEN/badminton/02/2106161909400.MOV', 1),
(3999, -1, -1, 2, 1, -1, -1, -1, '../2021SEN_KEN/badminton/02/2106161909450.MOV', 1),
(4000, -1, -1, 2, 1, -1, -1, -1, '../2021SEN_KEN/badminton/02/2106161910050.MOV', 1),
(4001, -1, -1, 2, 1, -1, -1, -1, '../2021SEN_KEN/badminton/02/2106161910170.MOV', 1),
(4002, -1, -1, 2, 1, -1, -1, -1, '../2021SEN_KEN/badminton/02/2106161910210.MOV', 1),
(4003, -1, -1, 2, 1, -1, -1, -1, '../2021SEN_KEN/badminton/02/2106161910250.MOV', 1),
(4004, -1, -1, 2, 1, -1, -1, -1, '../2021SEN_KEN/badminton/02/2106161910280.MOV', 1),
(4005, -1, -1, 2, 1, -1, -1, -1, '../2021SEN_KEN/badminton/02/2106161910320.MOV', 1),
(4006, -1, -1, 2, 1, -1, -1, -1, '../2021SEN_KEN/badminton/02/2106161910470.MOV', 1),
(4007, -1, -1, 2, 1, -1, -1, -1, '../2021SEN_KEN/badminton/02/2106161910510.MOV', 1),
(4008, -1, -1, 2, 1, -1, -1, -1, '../2021SEN_KEN/badminton/02/2106161910550.MOV', 1),
(4009, -1, -1, 2, 1, -1, -1, -1, '../2021SEN_KEN/badminton/02/2106161910580.MOV', 1),
(4010, -1, -1, 2, 1, -1, -1, -1, '../2021SEN_KEN/badminton/02/2106161911020.MOV', 1),
(4011, -1, -1, 2, 1, -1, -1, -1, '../2021SEN_KEN/badminton/02/2106161911180.MOV', 1),
(4012, -1, -1, 2, 1, -1, -1, -1, '../2021SEN_KEN/badminton/02/2106161911210.MOV', 1),
(4013, -1, -1, 2, 1, -1, -1, -1, '../2021SEN_KEN/badminton/02/2106161911330.MOV', 1),
(4014, -1, -1, 2, 1, -1, -1, -1, '../2021SEN_KEN/badminton/02/2106161911370.MOV', 1),
(4015, -1, -1, 2, 1, -1, -1, -1, '../2021SEN_KEN/badminton/02/2106161911410.MOV', 1),
(4016, -1, -1, 2, 1, -1, -1, -1, '../2021SEN_KEN/badminton/02/2106161911460.MOV', 1),
(4017, -1, -1, 2, 1, -1, -1, -1, '../2021SEN_KEN/badminton/02/2106161911500.MOV', 1),
(4018, -1, -1, 2, 1, -1, -1, -1, '../2021SEN_KEN/badminton/02/2106161912090.MOV', 1),
(4019, -1, -1, 2, 1, -1, -1, -1, '../2021SEN_KEN/badminton/02/2106161912130.MOV', 1),
(4020, -1, -1, 2, 1, -1, -1, -1, '../2021SEN_KEN/badminton/02/2106161912170.MOV', 1),
(4021, -1, -1, 2, 1, -1, -1, -1, '../2021SEN_KEN/badminton/02/2106161912210.MOV', 1),
(4022, -1, -1, 2, 1, -1, -1, -1, '../2021SEN_KEN/badminton/02/2106161912250.MOV', 1),
(4023, -1, -1, 2, 1, -1, -1, -1, '../2021SEN_KEN/badminton/02/2106161912370.MOV', 1),
(4024, -1, -1, 2, 1, -1, -1, -1, '../2021SEN_KEN/badminton/02/2106161912410.MOV', 1),
(4025, -1, -1, 2, 1, -1, -1, -1, '../2021SEN_KEN/badminton/02/2106161912460.MOV', 1),
(4026, -1, -1, 2, 1, -1, -1, -1, '../2021SEN_KEN/badminton/02/2106161912500.MOV', 1),
(4027, -1, -1, 2, 1, -1, -1, -1, '../2021SEN_KEN/badminton/02/2106161913030.MOV', 1),
(4028, -1, -1, 2, 1, -1, -1, -1, '../2021SEN_KEN/badminton/02/2106161913080.MOV', 1),
(4029, -1, -1, 2, 1, -1, -1, -1, '../2021SEN_KEN/badminton/02/2106161913130.MOV', 1),
(4030, -1, -1, 2, 1, -1, -1, -1, '../2021SEN_KEN/badminton/02/2106161913170.MOV', 1),
(4031, -1, -1, 2, 1, -1, -1, -1, '../2021SEN_KEN/badminton/02/2106161913210.MOV', 1),
(4032, -1, -1, 2, 1, -1, -1, -1, '../2021SEN_KEN/badminton/02/2106161913560.MOV', 1),
(4033, -1, -1, 2, 1, -1, -1, -1, '../2021SEN_KEN/badminton/02/2106161914000.MOV', 1),
(4034, -1, -1, 2, 1, -1, -1, -1, '../2021SEN_KEN/badminton/02/2106161914040.MOV', 1),
(4035, -1, -1, 2, 1, -1, -1, -1, '../2021SEN_KEN/badminton/02/2106161914080.MOV', 1),
(4036, -1, -1, 2, 1, -1, -1, -1, '../2021SEN_KEN/badminton/02/2106161914200.MOV', 1),
(4037, -1, -1, 2, 1, -1, -1, -1, '../2021SEN_KEN/badminton/02/2106161914240.MOV', 1),
(4038, -1, -1, 2, 1, -1, -1, -1, '../2021SEN_KEN/badminton/02/2106161914280.MOV', 1),
(4039, -1, -1, 2, 1, -1, -1, -1, '../2021SEN_KEN/badminton/02/2106161914400.MOV', 1),
(4040, -1, -1, 2, 1, -1, -1, -1, '../2021SEN_KEN/badminton/02/2106161914450.MOV', 1),
(4041, -1, -1, 2, 1, -1, -1, -1, '../2021SEN_KEN/badminton/02/2106161914490.MOV', 1),
(4042, -1, -1, 2, 1, -1, -1, -1, '../2021SEN_KEN/badminton/02/2106161914520.MOV', 1),
(4043, -1, -1, 2, 1, -1, -1, -1, '../2021SEN_KEN/badminton/02/2106161914560.MOV', 1),
(4044, -1, -1, 2, 1, -1, -1, -1, '../2021SEN_KEN/badminton/02/2106161915100.MOV', 1),
(4045, -1, -1, 2, 1, -1, -1, -1, '../2021SEN_KEN/badminton/02/2106161915140.MOV', 1),
(4046, -1, -1, 2, 1, -1, -1, -1, '../2021SEN_KEN/badminton/02/2106161915260.MOV', 1),
(4047, -1, -1, 2, 1, -1, -1, -1, '../2021SEN_KEN/badminton/02/2106161915310.MOV', 1),
(4048, -1, -1, 2, 1, -1, -1, -1, '../2021SEN_KEN/badminton/02/2106161915340.MOV', 1),
(4049, -1, -1, 2, 1, -1, -1, -1, '../2021SEN_KEN/badminton/02/2106161915380.MOV', 1),
(4050, -1, -1, 2, 1, -1, -1, -1, '../2021SEN_KEN/badminton/02/2106161915420.MOV', 1),
(4051, -1, -1, 2, 1, -1, -1, -1, '../2021SEN_KEN/badminton/02/2106161915570.MOV', 1),
(4052, -1, -1, 2, 1, -1, -1, -1, '../2021SEN_KEN/badminton/02/2106161916010.MOV', 1),
(4053, -1, -1, 2, 1, -1, -1, -1, '../2021SEN_KEN/badminton/02/2106161916050.MOV', 1),
(4054, -1, -1, 2, 1, -1, -1, -1, '../2021SEN_KEN/badminton/02/2106161916080.MOV', 1),
(4055, -1, -1, 2, 1, -1, -1, -1, '../2021SEN_KEN/badminton/02/2106161916120.MOV', 1),
(4056, -1, -1, 2, 1, -1, -1, -1, '../2021SEN_KEN/badminton/02/2108031928110.MOV', 1),
(4057, -1, -1, 2, 1, -1, -1, -1, '../2021SEN_KEN/badminton/02/2108031928220.MOV', 1),
(4058, -1, -1, 2, 1, -1, -1, -1, '../2021SEN_KEN/badminton/02/2108031928340.MOV', 1),
(4059, -1, -1, 2, 1, -1, -1, -1, '../2021SEN_KEN/badminton/02/2108031928410.MOV', 1),
(4060, -1, -1, 2, 1, -1, -1, -1, '../2021SEN_KEN/badminton/02/2108031928530.MOV', 1),
(4061, -1, -1, 2, 1, -1, -1, -1, '../2021SEN_KEN/badminton/02/2108031929040.MOV', 1),
(4062, -1, -1, 2, 1, -1, -1, -1, '../2021SEN_KEN/badminton/02/2108031929110.MOV', 1),
(4063, -1, -1, 2, 1, -1, -1, -1, '../2021SEN_KEN/badminton/02/2108031929340.MOV', 1),
(4064, -1, -1, 2, 1, -1, -1, -1, '../2021SEN_KEN/badminton/02/2108031929450.MOV', 1),
(4065, -1, -1, 2, 1, -1, -1, -1, '../2021SEN_KEN/badminton/02/2108031929520.MOV', 1),
(4066, -1, -1, 2, 1, -1, -1, -1, '../2021SEN_KEN/badminton/02/2108031930030.MOV', 1),
(4067, -1, -1, 2, 1, -1, -1, -1, '../2021SEN_KEN/badminton/02/2108031930031.MOV', 1),
(4068, -1, -1, 2, 1, -1, -1, -1, '../2021SEN_KEN/badminton/02/2108031930370.MOV', 1),
(4069, -1, -1, 2, 1, -1, -1, -1, '../2021SEN_KEN/badminton/02/2108031930371.MOV', 1),
(4070, -1, -1, 2, 1, -1, -1, -1, '../2021SEN_KEN/badminton/02/2108031930450.MOV', 1),
(4071, -1, -1, 2, 1, -1, -1, -1, '../2021SEN_KEN/badminton/02/2108031930520.MOV', 1),
(4072, -1, -1, 2, 1, -1, -1, -1, '../2021SEN_KEN/badminton/02/2108031931020.MOV', 1),
(4073, -1, -1, 2, 1, -1, -1, -1, '../2021SEN_KEN/badminton/02/2108031931110.MOV', 1),
(4074, -1, -1, 2, 1, -1, -1, -1, '../2021SEN_KEN/badminton/02/2108031931260.MOV', 1),
(4075, -1, -1, 2, 1, -1, -1, -1, '../2021SEN_KEN/badminton/02/2108031931370.MOV', 1),
(4076, -1, -1, 2, 1, -1, -1, -1, '../2021SEN_KEN/badminton/02/2108031931460.MOV', 1),
(4077, -1, -1, 2, 1, -1, -1, -1, '../2021SEN_KEN/badminton/02/2108031931530.MOV', 1),
(4078, -1, -1, 2, 1, -1, -1, -1, '../2021SEN_KEN/badminton/02/2108031932010.MOV', 1),
(4079, -1, -1, 2, 1, -1, -1, -1, '../2021SEN_KEN/badminton/02/2108031932080.MOV', 1),
(4080, -1, -1, 2, 1, -1, -1, -1, '../2021SEN_KEN/badminton/02/2108031932180.MOV', 1),
(4081, -1, -1, 2, 1, -1, -1, -1, '../2021SEN_KEN/badminton/02/2108031932290.MOV', 1),
(4082, -1, -1, 2, 1, -1, -1, -1, '../2021SEN_KEN/badminton/02/2108031932370.MOV', 1),
(4083, -1, -1, 2, 1, -1, -1, -1, '../2021SEN_KEN/badminton/02/2108031933020.MOV', 1),
(4084, -1, -1, 2, 1, -1, -1, -1, '../2021SEN_KEN/badminton/02/2108031933090.MOV', 1),
(4085, -1, -1, 2, 1, -1, -1, -1, '../2021SEN_KEN/badminton/02/2108031933370.MOV', 1),
(4086, -1, -1, 2, 1, -1, -1, -1, '../2021SEN_KEN/badminton/02/2108031934060.MOV', 1),
(4087, -1, -1, 2, 1, -1, -1, -1, '../2021SEN_KEN/badminton/02/2108031934100.MOV', 1),
(4088, -1, -1, 2, 1, -1, -1, -1, '../2021SEN_KEN/badminton/02/2108031934140.MOV', 1),
(4089, -1, -1, 2, 1, -1, -1, -1, '../2021SEN_KEN/badminton/02/2108031934190.MOV', 1),
(4090, -1, -1, 2, 1, -1, -1, -1, '../2021SEN_KEN/badminton/02/2108031934230.MOV', 1),
(4091, -1, -1, 2, 1, -1, -1, -1, '../2021SEN_KEN/badminton/02/2108031934340.MOV', 1),
(4092, -1, -1, 2, 1, -1, -1, -1, '../2021SEN_KEN/badminton/02/2108031934400.MOV', 1),
(4093, -1, -1, 2, 1, -1, -1, -1, '../2021SEN_KEN/badminton/02/2108031934500.MOV', 1),
(4094, -1, -1, 2, 1, -1, -1, -1, '../2021SEN_KEN/badminton/02/2108031934560.MOV', 1),
(4095, -1, -1, 2, 1, -1, -1, -1, '../2021SEN_KEN/badminton/02/2108031935020.MOV', 1),
(4096, -1, -1, 2, 1, -1, -1, -1, '../2021SEN_KEN/badminton/02/2108031935260.MOV', 1),
(4097, -1, -1, 2, 1, -1, -1, -1, '../2021SEN_KEN/badminton/02/2108031935300.MOV', 1),
(4098, -1, -1, 2, 1, -1, -1, -1, '../2021SEN_KEN/badminton/02/2108031935410.MOV', 1),
(4099, -1, -1, 2, 1, -1, -1, -1, '../2021SEN_KEN/badminton/02/2108031936050.MOV', 1),
(4100, -1, -1, 2, 1, -1, -1, -1, '../2021SEN_KEN/badminton/02/2108031936090.MOV', 1),
(4101, -1, -1, 2, 1, -1, -1, -1, '../2021SEN_KEN/badminton/02/2108031936150.MOV', 1),
(4102, -1, -1, 2, 1, -1, -1, -1, '../2021SEN_KEN/badminton/02/2108031936200.MOV', 1),
(4103, -1, -1, 2, 1, -1, -1, -1, '../2021SEN_KEN/badminton/02/2108031936250.MOV', 1),
(4104, -1, -1, 2, 1, -1, -1, -1, '../2021SEN_KEN/badminton/02/2108031936330.MOV', 1),
(4105, -1, -1, 2, 1, -1, -1, -1, '../2021SEN_KEN/badminton/02/2108031936400.MOV', 1),
(4106, -1, -1, 2, 1, -1, -1, -1, '../2021SEN_KEN/badminton/02/2108031937340.MOV', 1),
(4107, -1, -1, 2, 1, -1, -1, -1, '../2021SEN_KEN/badminton/02/2108031937390.MOV', 1),
(4108, -1, -1, 2, 1, -1, -1, -1, '../2021SEN_KEN/badminton/02/2108031937450.MOV', 1),
(4109, -1, -1, 2, 1, -1, -1, -1, '../2021SEN_KEN/badminton/02/2108031937500.MOV', 1),
(4110, -1, -1, 2, 1, -1, -1, -1, '../2021SEN_KEN/badminton/02/2108031938250.MOV', 1),
(4111, -1, -1, 2, 1, -1, -1, -1, '../2021SEN_KEN/badminton/02/2108031938530.MOV', 1),
(4112, -1, -1, 2, 1, -1, -1, -1, '../2021SEN_KEN/badminton/02/2108031938590.MOV', 1),
(4113, -1, -1, 2, 1, -1, -1, -1, '../2021SEN_KEN/badminton/02/2108031939040.MOV', 1),
(4114, -1, -1, 2, 1, -1, -1, -1, '../2021SEN_KEN/badminton/02/2108031939090.MOV', 1),
(4115, -1, -1, 2, 1, -1, -1, -1, '../2021SEN_KEN/badminton/02/2108031939150.MOV', 1),
(4116, -1, -1, 2, 1, -1, -1, -1, '../2021SEN_KEN/badminton/02/2108031939190.MOV', 1),
(4117, -1, -1, 2, 1, -1, -1, -1, '../2021SEN_KEN/badminton/02/2108031939240.MOV', 1),
(4118, -1, -1, 2, 1, -1, -1, -1, '../2021SEN_KEN/badminton/02/2108031939280.MOV', 1),
(4119, -1, -1, 2, 1, -1, -1, -1, '../2021SEN_KEN/badminton/02/2108031939360.MOV', 1),
(4120, -1, -1, 2, 1, -1, -1, -1, '../2021SEN_KEN/badminton/02/2108031940110.MOV', 1),
(4121, -1, -1, 2, 1, -1, -1, -1, '../2021SEN_KEN/badminton/02/2108031940510.MOV', 1),
(4122, -1, -1, 2, 1, -1, -1, -1, '../2021SEN_KEN/badminton/02/2108031940560.MOV', 1),
(4123, -1, -1, 2, 1, -1, -1, -1, '../2021SEN_KEN/badminton/02/2108031941020.MOV', 1),
(4124, -1, -1, 2, 1, -1, -1, -1, '../2021SEN_KEN/badminton/02/2108031941060.MOV', 1),
(4125, -1, -1, 2, 1, -1, -1, -1, '../2021SEN_KEN/badminton/02/2108031941170.MOV', 1),
(4126, -1, -1, 2, 1, -1, -1, -1, '../2021SEN_KEN/badminton/02/2108031941220.MOV', 1),
(4127, -1, -1, 2, 1, -1, -1, -1, '../2021SEN_KEN/badminton/02/2108031941270.MOV', 1),
(4128, -1, -1, 2, 1, -1, -1, -1, '../2021SEN_KEN/badminton/02/2108031941310.MOV', 1),
(4129, -1, -1, 2, 1, -1, -1, -1, '../2021SEN_KEN/badminton/02/2108031941360.MOV', 1),
(4130, -1, -1, 2, 1, -1, -1, -1, '../2021SEN_KEN/badminton/02/2108031941410.MOV', 1),
(4131, -1, -1, 2, 1, -1, -1, -1, '../2021SEN_KEN/badminton/02/2108031942200.MOV', 1),
(4132, -1, -1, 2, 1, -1, -1, -1, '../2021SEN_KEN/badminton/02/2108031942240.MOV', 1),
(4133, -1, -1, 2, 1, -1, -1, -1, '../2021SEN_KEN/badminton/02/2108031942440.MOV', 1),
(4134, -1, -1, 2, 1, -1, -1, -1, '../2021SEN_KEN/badminton/02/2108031942490.MOV', 1),
(4135, -1, -1, 2, 1, -1, -1, -1, '../2021SEN_KEN/badminton/02/2108031942530.MOV', 1),
(4136, -1, -1, 2, 1, -1, -1, -1, '../2021SEN_KEN/badminton/02/2108031942570.MOV', 1),
(4137, -1, -1, 2, 1, -1, -1, -1, '../2021SEN_KEN/badminton/02/2108031943030.MOV', 1),
(4138, -1, -1, 2, 1, -1, -1, -1, '../2021SEN_KEN/badminton/02/2108031943060.MOV', 1),
(4139, -1, -1, 2, 1, -1, -1, -1, '../2021SEN_KEN/badminton/02/2108031943120.MOV', 1),
(4140, -1, -1, 2, 1, -1, -1, -1, '../2021SEN_KEN/badminton/02/2108031944100.MOV', 1),
(4141, -1, -1, 2, 1, -1, -1, -1, '../2021SEN_KEN/badminton/02/2108031944150.MOV', 1),
(4142, -1, -1, 2, 1, -1, -1, -1, '../2021SEN_KEN/badminton/02/2108031946080.MOV', 1),
(4143, -1, -1, 2, 1, -1, -1, -1, '../2021SEN_KEN/badminton/02/2108031946120.MOV', 1),
(4144, -1, -1, 2, 1, -1, -1, -1, '../2021SEN_KEN/badminton/02/2108031946160.MOV', 1),
(4145, -1, -1, 2, 1, -1, -1, -1, '../2021SEN_KEN/badminton/02/210804193427.MOV', 1),
(4146, -1, -1, 2, 1, -1, -1, -1, '../2021SEN_KEN/badminton/02/2108041934330.MOV', 1),
(4147, -1, -1, 2, 1, -1, -1, -1, '../2021SEN_KEN/badminton/02/2108041934420.MOV', 1),
(4148, -1, -1, 2, 1, -1, -1, -1, '../2021SEN_KEN/badminton/02/2108041934470.MOV', 1),
(4149, -1, -1, 2, 1, -1, -1, -1, '../2021SEN_KEN/badminton/02/2108041934530.MOV', 1),
(4150, -1, -1, 2, 1, -1, -1, -1, '../2021SEN_KEN/badminton/02/2108041935000.MOV', 1),
(4151, -1, -1, 2, 1, -1, -1, -1, '../2021SEN_KEN/badminton/02/2108041935070.MOV', 1),
(4152, -1, -1, 2, 1, -1, -1, -1, '../2021SEN_KEN/badminton/02/2108041935160.MOV', 1),
(4153, -1, -1, 2, 1, -1, -1, -1, '../2021SEN_KEN/badminton/02/2108041935430.MOV', 1),
(4154, -1, -1, 2, 1, -1, -1, -1, '../2021SEN_KEN/badminton/02/2108041935500.MOV', 1),
(4155, -1, -1, 2, 1, -1, -1, -1, '../2021SEN_KEN/badminton/02/2108041935590.MOV', 1),
(4156, -1, -1, 2, 1, -1, -1, -1, '../2021SEN_KEN/badminton/02/2108041936070.MOV', 1),
(4157, -1, -1, 2, 1, -1, -1, -1, '../2021SEN_KEN/badminton/02/2108041936140.MOV', 1),
(4158, -1, -1, 2, 1, -1, -1, -1, '../2021SEN_KEN/badminton/02/2108041936370.MOV', 1),
(4159, -1, -1, 2, 1, -1, -1, -1, '../2021SEN_KEN/badminton/02/2108041936440.MOV', 1),
(4160, -1, -1, 2, 1, -1, -1, -1, '../2021SEN_KEN/badminton/02/2108041936530.MOV', 1),
(4161, -1, -1, 2, 1, -1, -1, -1, '../2021SEN_KEN/badminton/02/2108041937010.MOV', 1),
(4162, -1, -1, 2, 1, -1, -1, -1, '../2021SEN_KEN/badminton/02/2108041937080.MOV', 1),
(4163, -1, -1, 2, 1, -1, -1, -1, '../2021SEN_KEN/badminton/02/2108041937290.MOV', 1),
(4164, -1, -1, 2, 1, -1, -1, -1, '../2021SEN_KEN/badminton/02/2108041938050.MOV', 1),
(4165, -1, -1, 2, 1, -1, -1, -1, '../2021SEN_KEN/badminton/02/2108041938440.MOV', 1),
(4166, -1, -1, 2, 1, -1, -1, -1, '../2021SEN_KEN/badminton/02/2108041938510.MOV', 1),
(4167, -1, -1, 2, 1, -1, -1, -1, '../2021SEN_KEN/badminton/02/2108041939010.MOV', 1),
(4168, -1, -1, 2, 1, -1, -1, -1, '../2021SEN_KEN/badminton/02/2108041939341.MOV', 1),
(4169, -1, -1, 2, 1, -1, -1, -1, '../2021SEN_KEN/badminton/03/IMG_0358.MOV', 1),
(4170, -1, -1, 2, 1, -1, -1, -1, '../2021SEN_KEN/badminton/03/IMG_0359.MOV', 1),
(4171, -1, -1, 2, 1, -1, -1, -1, '../2021SEN_KEN/badminton/03/IMG_0360.MOV', 1),
(4172, -1, -1, 2, 1, -1, -1, -1, '../2021SEN_KEN/badminton/03/IMG_0361.MOV', 1),
(4173, -1, -1, 2, 1, -1, -1, -1, '../2021SEN_KEN/badminton/03/IMG_0362.MOV', 1),
(4174, -1, -1, 2, 1, -1, -1, -1, '../2021SEN_KEN/badminton/03/IMG_0363.MOV', 1),
(4175, -1, -1, 2, 1, -1, -1, -1, '../2021SEN_KEN/badminton/03/IMG_0391.MOV', 1),
(4176, -1, -1, 2, 1, -1, -1, -1, '../2021SEN_KEN/badminton/03/IMG_0392.MOV', 1),
(4177, -1, -1, 2, 1, -1, -1, -1, '../2021SEN_KEN/badminton/03/IMG_0393.MOV', 1),
(4178, -1, -1, 2, 1, -1, -1, -1, '../2021SEN_KEN/badminton/03/IMG_0394.MOV', 1),
(4179, -1, -1, 2, 1, -1, -1, -1, '../2021SEN_KEN/badminton/03/IMG_0395.MOV', 1),
(4180, -1, -1, 2, 1, -1, -1, -1, '../2021SEN_KEN/badminton/03/IMG_0396.MOV', 1),
(4181, -1, -1, 2, 1, -1, -1, -1, '../2021SEN_KEN/badminton/03/IMG_0397.MOV', 1),
(4182, -1, -1, 2, 1, -1, -1, -1, '../2021SEN_KEN/badminton/03/IMG_0398.MOV', 1),
(4183, -1, -1, 2, 1, -1, -1, -1, '../2021SEN_KEN/badminton/03/IMG_0399.MOV', 1),
(4184, -1, -1, 2, 1, -1, -1, -1, '../2021SEN_KEN/badminton/03/IMG_0401.MOV', 1),
(4185, -1, -1, 2, 1, -1, -1, -1, '../2021SEN_KEN/badminton/03/IMG_0402.MOV', 1),
(4186, -1, -1, 2, 1, -1, -1, -1, '../2021SEN_KEN/badminton/03/IMG_0403.MOV', 1),
(4187, -1, -1, 2, 1, -1, -1, -1, '../2021SEN_KEN/badminton/03/IMG_0404.MOV', 1),
(4188, -1, -1, 2, 1, -1, -1, -1, '../2021SEN_KEN/badminton/03/IMG_0405.MOV', 1),
(4189, -1, -1, 2, 1, -1, -1, -1, '../2021SEN_KEN/badminton/03/IMG_0406.MOV', 1),
(4190, -1, -1, 2, 1, -1, -1, -1, '../2021SEN_KEN/badminton/03/IMG_0407.MOV', 1),
(4191, -1, -1, 2, 1, -1, -1, -1, '../2021SEN_KEN/badminton/03/IMG_0408.MOV', 1),
(4192, -1, -1, 2, 1, -1, -1, -1, '../2021SEN_KEN/badminton/03/IMG_0409.MOV', 1),
(4193, -1, -1, 2, 1, -1, -1, -1, '../2021SEN_KEN/badminton/03/IMG_0410.MOV', 1),
(4194, -1, -1, 2, 1, -1, -1, -1, '../2021SEN_KEN/badminton/03/IMG_0411.MOV', 1),
(4195, -1, -1, 2, 1, -1, -1, -1, '../2021SEN_KEN/badminton/03/IMG_0412.MOV', 1),
(4196, -1, -1, 2, 1, -1, -1, -1, '../2021SEN_KEN/badminton/03/IMG_0413.MOV', 1),
(4197, -1, -1, 2, 1, -1, -1, -1, '../2021SEN_KEN/badminton/03/IMG_0414.MOV', 1),
(4198, -1, -1, 2, 1, -1, -1, -1, '../2021SEN_KEN/badminton/03/IMG_0415.MOV', 1),
(4199, -1, -1, 2, 1, -1, -1, -1, '../2021SEN_KEN/badminton/03/IMG_0416.MOV', 1),
(4200, -1, -1, 2, 1, -1, -1, -1, '../2021SEN_KEN/badminton/03/IMG_0417.MOV', 1),
(4201, -1, -1, 2, 1, -1, -1, -1, '../2021SEN_KEN/badminton/03/IMG_0418.MOV', 1),
(4202, -1, -1, 2, 1, -1, -1, -1, '../2021SEN_KEN/badminton/03/IMG_0419.MOV', 1),
(4203, -1, -1, 2, 1, -1, -1, -1, '../2021SEN_KEN/badminton/03/IMG_0420.MOV', 1),
(4204, -1, -1, 2, 1, -1, -1, -1, '../2021SEN_KEN/badminton/03/IMG_0421.MOV', 1),
(4205, -1, -1, 2, 1, -1, -1, -1, '../2021SEN_KEN/badminton/03/IMG_0422.MOV', 1),
(4206, -1, -1, 2, 1, -1, -1, -1, '../2021SEN_KEN/badminton/03/IMG_0423.MOV', 1),
(4207, -1, -1, 2, 1, -1, -1, -1, '../2021SEN_KEN/badminton/03/IMG_0424.MOV', 1),
(4208, -1, -1, 2, 1, -1, -1, -1, '../2021SEN_KEN/badminton/03/IMG_0425.MOV', 1),
(4209, -1, -1, 2, 1, -1, -1, -1, '../2021SEN_KEN/badminton/03/IMG_0426.MOV', 1),
(4210, -1, -1, 2, 1, -1, -1, -1, '../2021SEN_KEN/badminton/03/IMG_0427.MOV', 1),
(4211, -1, -1, 2, 1, -1, -1, -1, '../2021SEN_KEN/badminton/03/IMG_0428.MOV', 1),
(4212, -1, -1, 2, 1, -1, -1, -1, '../2021SEN_KEN/badminton/03/IMG_0429.MOV', 1),
(4213, -1, -1, 2, 1, -1, -1, -1, '../2021SEN_KEN/badminton/03/IMG_0430.MOV', 1),
(4214, -1, -1, 2, 1, -1, -1, -1, '../2021SEN_KEN/badminton/03/IMG_0431.MOV', 1),
(4215, -1, -1, 2, 1, -1, -1, -1, '../2021SEN_KEN/badminton/03/IMG_0432.MOV', 1),
(4216, -1, -1, 2, 1, -1, -1, -1, '../2021SEN_KEN/badminton/03/IMG_0433.MOV', 1),
(4217, -1, -1, 2, 1, -1, -1, -1, '../2021SEN_KEN/badminton/03/IMG_0435.MOV', 1),
(4218, -1, -1, 2, 1, -1, -1, -1, '../2021SEN_KEN/badminton/03/IMG_0436.MOV', 1),
(4219, -1, -1, 2, 1, -1, -1, -1, '../2021SEN_KEN/badminton/03/IMG_0437.MOV', 1),
(4220, -1, -1, 2, 1, -1, -1, -1, '../2021SEN_KEN/badminton/03/IMG_0438.MOV', 1),
(4221, -1, -1, 2, 1, -1, -1, -1, '../2021SEN_KEN/badminton/03/IMG_0439.MOV', 1),
(4222, -1, -1, 2, 1, -1, -1, -1, '../2021SEN_KEN/badminton/03/IMG_0440.MOV', 1),
(4223, -1, -1, 2, 1, -1, -1, -1, '../2021SEN_KEN/badminton/03/IMG_0441.MOV', 1),
(4224, -1, -1, 2, 1, -1, -1, -1, '../2021SEN_KEN/badminton/03/IMG_0442.MOV', 1),
(4225, -1, -1, 2, 1, -1, -1, -1, '../2021SEN_KEN/badminton/03/IMG_0443.MOV', 1),
(4226, -1, -1, 2, 1, -1, -1, -1, '../2021SEN_KEN/badminton/03/IMG_0444.MOV', 1),
(4227, -1, -1, 2, 1, -1, -1, -1, '../2021SEN_KEN/badminton/03/IMG_0445.MOV', 1),
(4228, -1, -1, 2, 1, -1, -1, -1, '../2021SEN_KEN/badminton/03/IMG_0446.MOV', 1),
(4229, -1, -1, 2, 1, -1, -1, -1, '../2021SEN_KEN/badminton/03/IMG_0447.MOV', 1),
(4230, -1, -1, 2, 1, -1, -1, -1, '../2021SEN_KEN/badminton/03/IMG_0448.MOV', 1),
(4231, -1, -1, 2, 1, -1, -1, -1, '../2021SEN_KEN/badminton/03/IMG_0449.MOV', 1),
(4232, -1, -1, 2, 1, -1, -1, -1, '../2021SEN_KEN/badminton/03/IMG_0450.MOV', 1),
(4233, -1, -1, 2, 1, -1, -1, -1, '../2021SEN_KEN/badminton/03/IMG_0451.MOV', 1),
(4234, -1, -1, 2, 1, -1, -1, -1, '../2021SEN_KEN/badminton/03/IMG_0452.MOV', 1),
(4235, -1, -1, 2, 1, -1, -1, -1, '../2021SEN_KEN/badminton/03/IMG_0453.MOV', 1),
(4236, -1, -1, 2, 1, -1, -1, -1, '../2021SEN_KEN/badminton/03/IMG_0454.MOV', 1),
(4237, -1, -1, 2, 1, -1, -1, -1, '../2021SEN_KEN/badminton/03/IMG_0455.MOV', 1),
(4238, -1, -1, 2, 1, -1, -1, -1, '../2021SEN_KEN/badminton/03/IMG_0456.MOV', 1),
(4239, -1, -1, 2, 1, -1, -1, -1, '../2021SEN_KEN/badminton/03/IMG_0457.MOV', 1),
(4240, -1, -1, 2, 1, -1, -1, -1, '../2021SEN_KEN/badminton/03/IMG_0458.MOV', 1),
(4241, -1, -1, 2, 1, -1, -1, -1, '../2021SEN_KEN/badminton/03/IMG_0459.MOV', 1),
(4242, -1, -1, 2, 1, -1, -1, -1, '../2021SEN_KEN/badminton/03/IMG_0460.MOV', 1),
(4243, -1, -1, 2, 1, -1, -1, -1, '../2021SEN_KEN/badminton/03/IMG_0461.MOV', 1),
(4244, -1, -1, 2, 1, -1, -1, -1, '../2021SEN_KEN/badminton/03/IMG_0462.MOV', 1),
(4245, -1, -1, 2, 1, -1, -1, -1, '../2021SEN_KEN/badminton/03/IMG_0463.MOV', 1),
(4246, -1, -1, 2, 1, -1, -1, -1, '../2021SEN_KEN/badminton/03/IMG_0464.MOV', 1),
(4247, -1, -1, 2, 1, -1, -1, -1, '../2021SEN_KEN/badminton/03/IMG_0465.MOV', 1),
(4248, -1, -1, 2, 1, -1, -1, -1, '../2021SEN_KEN/badminton/03/IMG_0467.MOV', 1),
(4249, -1, -1, 2, 1, -1, -1, -1, '../2021SEN_KEN/badminton/03/IMG_0468.MOV', 1),
(4250, -1, -1, 2, 1, -1, -1, -1, '../2021SEN_KEN/badminton/03/IMG_0469.MOV', 1),
(4251, -1, -1, 2, 1, -1, -1, -1, '../2021SEN_KEN/badminton/03/IMG_0470.MOV', 1),
(4252, -1, -1, 2, 1, -1, -1, -1, '../2021SEN_KEN/badminton/03/IMG_0471.MOV', 1),
(4253, -1, -1, 2, 1, -1, -1, -1, '../2021SEN_KEN/badminton/03/IMG_0472.MOV', 1),
(4254, -1, -1, 2, 1, -1, -1, -1, '../2021SEN_KEN/badminton/03/IMG_0473.MOV', 1),
(4255, -1, -1, 2, 1, -1, -1, -1, '../2021SEN_KEN/badminton/03/IMG_0474.MOV', 1),
(4256, -1, -1, 2, 1, -1, -1, -1, '../2021SEN_KEN/badminton/03/IMG_0475.MOV', 1),
(4257, -1, -1, 2, 1, -1, -1, -1, '../2021SEN_KEN/badminton/03/IMG_0476.MOV', 1),
(4258, -1, -1, 2, 1, -1, -1, -1, '../2021SEN_KEN/badminton/03/IMG_0477.MOV', 1),
(4259, -1, -1, 2, 1, -1, -1, -1, '../2021SEN_KEN/badminton/03/IMG_0478.MOV', 1),
(4260, -1, -1, 2, 1, -1, -1, -1, '../2021SEN_KEN/badminton/03/IMG_0479.MOV', 1),
(4261, -1, -1, 2, 1, -1, -1, -1, '../2021SEN_KEN/badminton/03/IMG_0480.MOV', 1),
(4262, -1, -1, 2, 1, -1, -1, -1, '../2021SEN_KEN/badminton/03/IMG_0481.MOV', 1),
(4263, -1, -1, 2, 1, -1, -1, -1, '../2021SEN_KEN/badminton/03/IMG_0482.MOV', 1),
(4264, -1, -1, 2, 1, -1, -1, -1, '../2021SEN_KEN/badminton/03/IMG_0483.MOV', 1),
(4265, -1, -1, 2, 1, -1, -1, -1, '../2021SEN_KEN/badminton/03/IMG_0484.MOV', 1),
(4266, -1, -1, 2, 1, -1, -1, -1, '../2021SEN_KEN/badminton/03/IMG_0485.MOV', 1),
(4267, -1, -1, 2, 1, -1, -1, -1, '../2021SEN_KEN/badminton/03/IMG_0486.MOV', 1),
(4268, -1, -1, 2, 1, -1, -1, -1, '../2021SEN_KEN/badminton/03/IMG_0487.MOV', 1),
(4269, -1, -1, 2, 1, -1, -1, -1, '../2021SEN_KEN/badminton/03/IMG_0488.MOV', 1),
(4270, -1, -1, 2, 1, -1, -1, -1, '../2021SEN_KEN/badminton/03/IMG_0489.MOV', 1),
(4271, -1, -1, 2, 1, -1, -1, -1, '../2021SEN_KEN/badminton/03/IMG_0490.MOV', 1),
(4272, -1, -1, 2, 1, -1, -1, -1, '../2021SEN_KEN/badminton/03/IMG_0491.MOV', 1),
(4273, -1, -1, 2, 1, -1, -1, -1, '../2021SEN_KEN/badminton/03/IMG_0492.MOV', 1),
(4274, -1, -1, 2, 1, -1, -1, -1, '../2021SEN_KEN/badminton/03/IMG_0493.MOV', 1),
(4275, -1, -1, 2, 1, -1, -1, -1, '../2021SEN_KEN/badminton/03/IMG_0494.MOV', 1),
(4276, -1, -1, 2, 1, -1, -1, -1, '../2021SEN_KEN/badminton/03/IMG_0495.MOV', 1),
(4277, -1, -1, 2, 1, -1, -1, -1, '../2021SEN_KEN/badminton/03/IMG_0496.MOV', 1),
(4278, -1, -1, 2, 1, -1, -1, -1, '../2021SEN_KEN/badminton/03/IMG_0497.MOV', 1),
(4279, -1, -1, 2, 1, -1, -1, -1, '../2021SEN_KEN/badminton/03/IMG_0498.MOV', 1),
(4280, -1, -1, 2, 1, -1, -1, -1, '../2021SEN_KEN/badminton/03/IMG_0499.MOV', 1),
(4281, -1, -1, 2, 1, -1, -1, -1, '../2021SEN_KEN/badminton/03/IMG_0500.MOV', 1),
(4282, -1, -1, 2, 1, -1, -1, -1, '../2021SEN_KEN/badminton/03/IMG_0501.MOV', 1),
(4283, -1, -1, 2, 1, -1, -1, -1, '../2021SEN_KEN/badminton/03/IMG_0502.MOV', 1),
(4284, -1, -1, 2, 1, -1, -1, -1, '../2021SEN_KEN/badminton/03/IMG_0503.MOV', 1),
(4285, -1, -1, 2, 1, -1, -1, -1, '../2021SEN_KEN/badminton/03/IMG_0504.MOV', 1),
(4286, -1, -1, 2, 1, -1, -1, -1, '../2021SEN_KEN/badminton/03/IMG_0505.MOV', 1),
(4287, -1, -1, 2, 1, -1, -1, -1, '../2021SEN_KEN/badminton/03/IMG_0506.MOV', 1),
(4288, -1, -1, 2, 1, -1, -1, -1, '../2021SEN_KEN/badminton/03/IMG_0507.MOV', 1),
(4289, -1, -1, 2, 1, -1, -1, -1, '../2021SEN_KEN/badminton/03/IMG_0508.MOV', 1),
(4290, -1, -1, 2, 1, -1, -1, -1, '../2021SEN_KEN/badminton/03/IMG_0509.MOV', 1),
(4291, -1, -1, 2, 1, -1, -1, -1, '../2021SEN_KEN/badminton/03/IMG_0510.MOV', 1),
(4292, -1, -1, 2, 1, -1, -1, -1, '../2021SEN_KEN/badminton/03/IMG_0511.MOV', 1),
(4293, -1, -1, 1, 1, -1, -1, -1, '../SEN-KEN/2021SEN_KEN/volleyball/01/IMG_0564.MOV', 0),
(4294, -1, -1, 1, 1, -1, -1, -1, '../SEN-KEN/2021SEN_KEN/volleyball/01/IMG_0565.MOV', 0),
(4295, -1, -1, 1, 1, -1, -1, -1, '../SEN-KEN/2021SEN_KEN/volleyball/01/IMG_0566.MOV', 0),
(4296, -1, -1, 1, 1, -1, -1, -1, '../SEN-KEN/2021SEN_KEN/volleyball/01/IMG_0568.MOV', 0),
(4297, -1, -1, 1, 1, -1, -1, -1, '../SEN-KEN/2021SEN_KEN/volleyball/01/IMG_0569.MOV', 0),
(4298, -1, -1, 1, 1, -1, -1, -1, '../SEN-KEN/2021SEN_KEN/volleyball/01/IMG_0570.MOV', 0),
(4299, -1, -1, 1, 1, -1, -1, -1, '../SEN-KEN/2021SEN_KEN/volleyball/01/IMG_0571.MOV', 0),
(4300, -1, -1, 1, 1, -1, -1, -1, '../SEN-KEN/2021SEN_KEN/volleyball/01/IMG_0572.MOV', 0),
(4301, -1, -1, 1, 1, -1, -1, -1, '../SEN-KEN/2021SEN_KEN/volleyball/01/IMG_0573.MOV', 0),
(4302, -1, -1, 1, 1, -1, -1, -1, '../SEN-KEN/2021SEN_KEN/volleyball/01/IMG_0574.MOV', 0),
(4303, -1, -1, 1, 1, -1, -1, -1, '../SEN-KEN/2021SEN_KEN/volleyball/01/IMG_0575.MOV', 0),
(4304, -1, -1, 1, 1, -1, -1, -1, '../SEN-KEN/2021SEN_KEN/volleyball/01/IMG_0576.MOV', 0),
(4305, -1, -1, 1, 1, -1, -1, -1, '../SEN-KEN/2021SEN_KEN/volleyball/01/IMG_0577.MOV', 0),
(4306, -1, -1, 1, 1, -1, -1, -1, '../SEN-KEN/2021SEN_KEN/volleyball/01/IMG_0578.MOV', 0),
(4307, -1, -1, 1, 1, -1, -1, -1, '../SEN-KEN/2021SEN_KEN/volleyball/01/IMG_0580.MOV', 0),
(4308, -1, -1, 1, 1, -1, -1, -1, '../SEN-KEN/2021SEN_KEN/volleyball/01/IMG_0581.MOV', 0),
(4309, -1, -1, 1, 1, -1, -1, -1, '../SEN-KEN/2021SEN_KEN/volleyball/01/IMG_0582.MOV', 0),
(4310, -1, -1, 1, 1, -1, -1, -1, '../SEN-KEN/2021SEN_KEN/volleyball/01/IMG_0583.MOV', 0),
(4311, -1, -1, 1, 1, -1, -1, -1, '../SEN-KEN/2021SEN_KEN/volleyball/01/IMG_0584.MOV', 0),
(4312, -1, -1, 1, 1, -1, -1, -1, '../SEN-KEN/2021SEN_KEN/volleyball/01/IMG_0585.MOV', 0),
(4313, -1, -1, 1, 1, -1, -1, -1, '../SEN-KEN/2021SEN_KEN/volleyball/01/IMG_0587.MOV', 0),
(4314, -1, -1, 1, 1, -1, -1, -1, '../SEN-KEN/2021SEN_KEN/volleyball/01/IMG_0588.MOV', 0),
(4315, -1, -1, 1, 1, -1, -1, -1, '../SEN-KEN/2021SEN_KEN/volleyball/01/IMG_0590.MOV', 0),
(4316, -1, -1, 1, 1, -1, -1, -1, '../SEN-KEN/2021SEN_KEN/volleyball/01/IMG_0591.MOV', 0),
(4317, -1, -1, 1, 1, -1, -1, -1, '../SEN-KEN/2021SEN_KEN/volleyball/01/IMG_0592.MOV', 0),
(4318, -1, -1, 1, 1, -1, -1, -1, '../SEN-KEN/2021SEN_KEN/volleyball/01/IMG_0593.MOV', 0),
(4319, -1, -1, 1, 1, -1, -1, -1, '../SEN-KEN/2021SEN_KEN/volleyball/01/IMG_0595.MOV', 0),
(4320, -1, -1, 1, 1, -1, -1, -1, '../SEN-KEN/2021SEN_KEN/volleyball/01/IMG_0596.MOV', 0),
(4321, -1, -1, 1, 1, -1, -1, -1, '../SEN-KEN/2021SEN_KEN/volleyball/01/IMG_0597.MOV', 0),
(4322, -1, -1, 1, 1, -1, -1, -1, '../SEN-KEN/2021SEN_KEN/volleyball/01/IMG_0598.MOV', 0),
(4323, -1, -1, 1, 1, -1, -1, -1, '../SEN-KEN/2021SEN_KEN/volleyball/01/IMG_0599.MOV', 0),
(4324, -1, -1, 1, 1, -1, -1, -1, '../SEN-KEN/2021SEN_KEN/volleyball/01/IMG_0600.MOV', 0),
(4325, -1, -1, 1, 1, -1, -1, -1, '../SEN-KEN/2021SEN_KEN/volleyball/01/IMG_0601.MOV', 0),
(4326, -1, -1, 1, 1, -1, -1, -1, '../SEN-KEN/2021SEN_KEN/volleyball/01/IMG_0603.MOV', 0),
(4327, -1, -1, 1, 1, -1, -1, -1, '../SEN-KEN/2021SEN_KEN/volleyball/01/IMG_0604.MOV', 0),
(4328, -1, -1, 1, 1, -1, -1, -1, '../SEN-KEN/2021SEN_KEN/volleyball/01/IMG_0605.MOV', 0),
(4329, -1, -1, 1, 1, -1, -1, -1, '../SEN-KEN/2021SEN_KEN/volleyball/01/IMG_0606.MOV', 0),
(4330, -1, -1, 1, 1, -1, -1, -1, '../SEN-KEN/2021SEN_KEN/volleyball/01/IMG_0610.MOV', 0),
(4331, -1, -1, 1, 1, -1, -1, -1, '../SEN-KEN/2021SEN_KEN/volleyball/01/IMG_0612.MOV', 0),
(4332, -1, -1, 1, 1, -1, -1, -1, '../SEN-KEN/2021SEN_KEN/volleyball/01/IMG_0614.MOV', 0),
(4333, -1, -1, 1, 1, -1, -1, -1, '../SEN-KEN/2021SEN_KEN/volleyball/01/IMG_0615.MOV', 0),
(4334, -1, -1, 1, 1, -1, -1, -1, '../SEN-KEN/2021SEN_KEN/volleyball/01/IMG_0616.MOV', 0),
(4335, -1, -1, 1, 1, -1, -1, -1, '../SEN-KEN/2021SEN_KEN/volleyball/01/IMG_0617.MOV', 0),
(4336, -1, -1, 1, 1, -1, -1, -1, '../SEN-KEN/2021SEN_KEN/volleyball/01/IMG_0618.MOV', 0),
(4337, -1, -1, 1, 1, -1, -1, -1, '../SEN-KEN/2021SEN_KEN/volleyball/01/IMG_0619.MOV', 0),
(4338, -1, -1, 1, 1, -1, -1, -1, '../SEN-KEN/2021SEN_KEN/volleyball/01/IMG_0620.MOV', 0),
(4339, -1, -1, 1, 1, -1, -1, -1, '../SEN-KEN/2021SEN_KEN/volleyball/01/IMG_0621.MOV', 0),
(4340, -1, -1, 1, 1, -1, -1, -1, '../SEN-KEN/2021SEN_KEN/volleyball/01/IMG_0622.MOV', 0),
(4341, -1, -1, 1, 1, -1, -1, -1, '../SEN-KEN/2021SEN_KEN/volleyball/01/IMG_0623.MOV', 0),
(4342, -1, -1, 1, 1, -1, -1, -1, '../SEN-KEN/2021SEN_KEN/volleyball/01/IMG_0624.MOV', 0),
(4343, -1, -1, 1, 1, -1, -1, -1, '../SEN-KEN/2021SEN_KEN/volleyball/01/IMG_0625.MOV', 0),
(4344, -1, -1, 1, 1, -1, -1, -1, '../SEN-KEN/2021SEN_KEN/volleyball/01/IMG_0627.MOV', 0),
(4345, -1, -1, 1, 1, -1, -1, -1, '../SEN-KEN/2021SEN_KEN/volleyball/01/IMG_0722.MOV', 0),
(4346, -1, -1, 1, 1, -1, -1, -1, '../SEN-KEN/2021SEN_KEN/volleyball/01/IMG_0723.MOV', 0),
(4347, -1, -1, 1, 1, -1, -1, -1, '../SEN-KEN/2021SEN_KEN/volleyball/01/IMG_0724.MOV', 0),
(4348, -1, -1, 1, 1, -1, -1, -1, '../SEN-KEN/2021SEN_KEN/volleyball/01/IMG_0726.MOV', 0),
(4349, -1, -1, 1, 1, -1, -1, -1, '../SEN-KEN/2021SEN_KEN/volleyball/01/IMG_0727.MOV', 0),
(4350, -1, -1, 1, 1, -1, -1, -1, '../SEN-KEN/2021SEN_KEN/volleyball/01/IMG_0728.MOV', 0),
(4351, -1, -1, 1, 1, -1, -1, -1, '../SEN-KEN/2021SEN_KEN/volleyball/01/IMG_0729.MOV', 0),
(4352, -1, -1, 1, 1, -1, -1, -1, '../SEN-KEN/2021SEN_KEN/volleyball/01/IMG_0730.MOV', 0),
(4353, -1, -1, 1, 1, -1, -1, -1, '../SEN-KEN/2021SEN_KEN/volleyball/01/IMG_0731.MOV', 0),
(4354, -1, -1, 1, 1, -1, -1, -1, '../SEN-KEN/2021SEN_KEN/volleyball/01/IMG_0732.MOV', 0),
(4355, -1, -1, 1, 1, -1, -1, -1, '../SEN-KEN/2021SEN_KEN/volleyball/01/IMG_0733.MOV', 0),
(4356, -1, -1, 1, 1, -1, -1, -1, '../SEN-KEN/2021SEN_KEN/volleyball/01/IMG_0734.MOV', 0),
(4357, -1, -1, 1, 1, -1, -1, -1, '../SEN-KEN/2021SEN_KEN/volleyball/01/IMG_0735.MOV', 0),
(4358, -1, -1, 1, 1, -1, -1, -1, '../SEN-KEN/2021SEN_KEN/volleyball/01/IMG_0736.MOV', 0),
(4359, -1, -1, 1, 1, -1, -1, -1, '../SEN-KEN/2021SEN_KEN/volleyball/01/IMG_0738.MOV', 0),
(4360, -1, -1, 1, 1, -1, -1, -1, '../SEN-KEN/2021SEN_KEN/volleyball/01/IMG_0739.MOV', 0),
(4361, -1, -1, 1, 1, -1, -1, -1, '../SEN-KEN/2021SEN_KEN/volleyball/01/IMG_0740.MOV', 0),
(4362, -1, -1, 1, 1, -1, -1, -1, '../SEN-KEN/2021SEN_KEN/volleyball/01/IMG_0741.MOV', 0),
(4363, -1, -1, 1, 1, -1, -1, -1, '../SEN-KEN/2021SEN_KEN/volleyball/01/IMG_0742.MOV', 0),
(4364, -1, -1, 1, 1, -1, -1, -1, '../SEN-KEN/2021SEN_KEN/volleyball/01/IMG_0743.MOV', 0),
(4365, -1, -1, 1, 1, -1, -1, -1, '../SEN-KEN/2021SEN_KEN/volleyball/01/IMG_0745.MOV', 0),
(4366, -1, -1, 1, 1, -1, -1, -1, '../SEN-KEN/2021SEN_KEN/volleyball/01/IMG_0746.MOV', 0),
(4367, -1, -1, 1, 1, -1, -1, -1, '../SEN-KEN/2021SEN_KEN/volleyball/01/IMG_0748.MOV', 0),
(4368, -1, -1, 1, 1, -1, -1, -1, '../SEN-KEN/2021SEN_KEN/volleyball/01/IMG_0749.MOV', 0),
(4369, -1, -1, 1, 1, -1, -1, -1, '../SEN-KEN/2021SEN_KEN/volleyball/01/IMG_0750.MOV', 0),
(4370, -1, -1, 1, 1, -1, -1, -1, '../SEN-KEN/2021SEN_KEN/volleyball/01/IMG_0751.MOV', 0),
(4371, -1, -1, 1, 1, -1, -1, -1, '../SEN-KEN/2021SEN_KEN/volleyball/01/IMG_0753.MOV', 0),
(4372, -1, -1, 1, 1, -1, -1, -1, '../SEN-KEN/2021SEN_KEN/volleyball/01/IMG_0754.MOV', 0),
(4373, -1, -1, 1, 1, -1, -1, -1, '../SEN-KEN/2021SEN_KEN/volleyball/01/IMG_0755.MOV', 0),
(4374, -1, -1, 1, 1, -1, -1, -1, '../SEN-KEN/2021SEN_KEN/volleyball/01/IMG_0756.MOV', 0),
(4375, -1, -1, 1, 1, -1, -1, -1, '../SEN-KEN/2021SEN_KEN/volleyball/01/IMG_0757.MOV', 0),
(4376, -1, -1, 1, 1, -1, -1, -1, '../SEN-KEN/2021SEN_KEN/volleyball/01/IMG_0758.MOV', 0),
(4377, -1, -1, 1, 1, -1, -1, -1, '../SEN-KEN/2021SEN_KEN/volleyball/01/IMG_0759.MOV', 0),
(4378, -1, -1, 1, 1, -1, -1, -1, '../SEN-KEN/2021SEN_KEN/volleyball/01/IMG_0761.MOV', 0),
(4379, -1, -1, 1, 1, -1, -1, -1, '../SEN-KEN/2021SEN_KEN/volleyball/01/IMG_0762.MOV', 0),
(4380, -1, -1, 1, 1, -1, -1, -1, '../SEN-KEN/2021SEN_KEN/volleyball/01/IMG_0763.MOV', 0),
(4381, -1, -1, 1, 1, -1, -1, -1, '../SEN-KEN/2021SEN_KEN/volleyball/01/IMG_0764.MOV', 0),
(4382, -1, -1, 1, 1, -1, -1, -1, '../SEN-KEN/2021SEN_KEN/volleyball/01/IMG_0770.MOV', 0),
(4383, -1, -1, 1, 1, -1, -1, -1, '../SEN-KEN/2021SEN_KEN/volleyball/01/IMG_0771.MOV', 0),
(4384, -1, -1, 1, 1, -1, -1, -1, '../SEN-KEN/2021SEN_KEN/volleyball/01/IMG_0773.MOV', 0),
(4385, -1, -1, 1, 1, -1, -1, -1, '../SEN-KEN/2021SEN_KEN/volleyball/01/IMG_0774.MOV', 0),
(4386, -1, -1, 1, 1, -1, -1, -1, '../SEN-KEN/2021SEN_KEN/volleyball/01/IMG_0775.MOV', 0),
(4387, -1, -1, 1, 1, -1, -1, -1, '../SEN-KEN/2021SEN_KEN/volleyball/01/IMG_0776.MOV', 0),
(4388, -1, -1, 1, 1, -1, -1, -1, '../SEN-KEN/2021SEN_KEN/volleyball/01/IMG_0777.MOV', 0),
(4389, -1, -1, 1, 1, -1, -1, -1, '../SEN-KEN/2021SEN_KEN/volleyball/01/IMG_0778.MOV', 0),
(4390, -1, -1, 1, 1, -1, -1, -1, '../SEN-KEN/2021SEN_KEN/volleyball/01/IMG_0779.MOV', 0),
(4391, -1, -1, 1, 1, -1, -1, -1, '../SEN-KEN/2021SEN_KEN/volleyball/01/IMG_0780.MOV', 0),
(4392, -1, -1, 1, 1, -1, -1, -1, '../SEN-KEN/2021SEN_KEN/volleyball/01/IMG_0781.MOV', 0),
(4393, -1, -1, 1, 1, -1, -1, -1, '../SEN-KEN/2021SEN_KEN/volleyball/01/IMG_0782.MOV', 0),
(4394, -1, -1, 1, 1, -1, -1, -1, '../SEN-KEN/2021SEN_KEN/volleyball/01/IMG_0783.MOV', 0),
(4395, -1, -1, 1, 1, -1, -1, -1, '../SEN-KEN/2021SEN_KEN/volleyball/01/IMG_0784.MOV', 0),
(4396, -1, -1, 1, 1, -1, -1, -1, '../SEN-KEN/2021SEN_KEN/volleyball/01/IMG_0785.MOV', 0),
(4397, -1, -1, 1, 1, -1, -1, -1, '../SEN-KEN/2021SEN_KEN/volleyball/02/2106041909030.MOV', 0),
(4398, -1, -1, 1, 1, -1, -1, -1, '../SEN-KEN/2021SEN_KEN/volleyball/02/2106041909031.MOV', 0),
(4399, -1, -1, 1, 1, -1, -1, -1, '../SEN-KEN/2021SEN_KEN/volleyball/02/2106041909033.MOV', 0),
(4400, -1, -1, 1, 1, -1, -1, -1, '../SEN-KEN/2021SEN_KEN/volleyball/02/2106041909043.MOV', 0),
(4401, -1, -1, 1, 1, -1, -1, -1, '../SEN-KEN/2021SEN_KEN/volleyball/02/2106041909220.MOV', 0),
(4402, -1, -1, 1, 1, -1, -1, -1, '../SEN-KEN/2021SEN_KEN/volleyball/02/2106041909221.MOV', 0),
(4403, -1, -1, 1, 1, -1, -1, -1, '../SEN-KEN/2021SEN_KEN/volleyball/02/2106041909222.MOV', 0),
(4404, -1, -1, 1, 1, -1, -1, -1, '../SEN-KEN/2021SEN_KEN/volleyball/02/2106041909223.MOV', 0),
(4405, -1, -1, 1, 1, -1, -1, -1, '../SEN-KEN/2021SEN_KEN/volleyball/02/2106041909413.MOV', 0),
(4406, -1, -1, 1, 1, -1, -1, -1, '../SEN-KEN/2021SEN_KEN/volleyball/02/2106041910191.MOV', 0),
(4407, -1, -1, 1, 1, -1, -1, -1, '../SEN-KEN/2021SEN_KEN/volleyball/02/2106041910200.MOV', 0),
(4408, -1, -1, 1, 1, -1, -1, -1, '../SEN-KEN/2021SEN_KEN/volleyball/02/2106041910202.MOV', 0),
(4409, -1, -1, 1, 1, -1, -1, -1, '../SEN-KEN/2021SEN_KEN/volleyball/02/2106041911230.MOV', 0);
INSERT INTO `yolo_video_table` (`video_id`, `frame1`, `frame2`, `ball_id`, `player_id`, `ans_id`, `x_coordinate`, `y_coordinate`, `video_path`, `yolo_flag`) VALUES
(4410, -1, -1, 1, 1, -1, -1, -1, '../SEN-KEN/2021SEN_KEN/volleyball/02/2106041911232.MOV', 0),
(4411, -1, -1, 1, 1, -1, -1, -1, '../SEN-KEN/2021SEN_KEN/volleyball/02/2106041911241.MOV', 0),
(4412, -1, -1, 1, 1, -1, -1, -1, '../SEN-KEN/2021SEN_KEN/volleyball/02/2106041911481.MOV', 0),
(4413, -1, -1, 1, 1, -1, -1, -1, '../SEN-KEN/2021SEN_KEN/volleyball/02/2106041911491.MOV', 0),
(4414, -1, -1, 1, 1, -1, -1, -1, '../SEN-KEN/2021SEN_KEN/volleyball/02/2106041913431.MOV', 0),
(4415, -1, -1, 1, 1, -1, -1, -1, '../SEN-KEN/2021SEN_KEN/volleyball/02/2106041913441.MOV', 0),
(4416, -1, -1, 1, 1, -1, -1, -1, '../SEN-KEN/2021SEN_KEN/volleyball/02/2106041914291.MOV', 0),
(4417, -1, -1, 1, 1, -1, -1, -1, '../SEN-KEN/2021SEN_KEN/volleyball/02/2106041914300.MOV', 0),
(4418, -1, -1, 1, 1, -1, -1, -1, '../SEN-KEN/2021SEN_KEN/volleyball/02/2106041914302.MOV', 0),
(4419, -1, -1, 1, 1, -1, -1, -1, '../SEN-KEN/2021SEN_KEN/volleyball/02/2106041914482.MOV', 0),
(4420, -1, -1, 1, 1, -1, -1, -1, '../SEN-KEN/2021SEN_KEN/volleyball/02/2106041914491.MOV', 0),
(4421, -1, -1, 1, 1, -1, -1, -1, '../SEN-KEN/2021SEN_KEN/volleyball/02/2106041916400.MOV', 0),
(4422, -1, -1, 1, 1, -1, -1, -1, '../SEN-KEN/2021SEN_KEN/volleyball/02/2106041916402.MOV', 0),
(4423, -1, -1, 1, 1, -1, -1, -1, '../SEN-KEN/2021SEN_KEN/volleyball/02/2106041916412.MOV', 0),
(4424, -1, -1, 1, 1, -1, -1, -1, '../SEN-KEN/2021SEN_KEN/volleyball/02/2106041917290.MOV', 0),
(4425, -1, -1, 1, 1, -1, -1, -1, '../SEN-KEN/2021SEN_KEN/volleyball/02/2106041917292.MOV', 0),
(4426, -1, -1, 1, 1, -1, -1, -1, '../SEN-KEN/2021SEN_KEN/volleyball/02/2106041917302.MOV', 0),
(4427, -1, -1, 1, 1, -1, -1, -1, '../SEN-KEN/2021SEN_KEN/volleyball/02/2106041917471.MOV', 0),
(4428, -1, -1, 1, 1, -1, -1, -1, '../SEN-KEN/2021SEN_KEN/volleyball/02/2106041918040.MOV', 0),
(4429, -1, -1, 1, 1, -1, -1, -1, '../SEN-KEN/2021SEN_KEN/volleyball/02/2106041918042.MOV', 0),
(4430, -1, -1, 1, 1, -1, -1, -1, '../SEN-KEN/2021SEN_KEN/volleyball/02/2106041918052.MOV', 0),
(4431, -1, -1, 1, 1, -1, -1, -1, '../SEN-KEN/2021SEN_KEN/volleyball/02/2106041918261.MOV', 0),
(4432, -1, -1, 1, 1, -1, -1, -1, '../SEN-KEN/2021SEN_KEN/volleyball/02/2106041918270.MOV', 0),
(4433, -1, -1, 1, 1, -1, -1, -1, '../SEN-KEN/2021SEN_KEN/volleyball/02/2106041918272.MOV', 0),
(4434, -1, -1, 1, 1, -1, -1, -1, '../SEN-KEN/2021SEN_KEN/volleyball/02/2106041919452.MOV', 0),
(4435, -1, -1, 1, 1, -1, -1, -1, '../SEN-KEN/2021SEN_KEN/volleyball/02/2106041919460.MOV', 0),
(4436, -1, -1, 1, 1, -1, -1, -1, '../SEN-KEN/2021SEN_KEN/volleyball/02/2106041919462.MOV', 0),
(4437, -1, -1, 1, 1, -1, -1, -1, '../SEN-KEN/2021SEN_KEN/volleyball/02/2106041920070.MOV', 0),
(4438, -1, -1, 1, 1, -1, -1, -1, '../SEN-KEN/2021SEN_KEN/volleyball/02/2106041920071.MOV', 0),
(4439, -1, -1, 1, 1, -1, -1, -1, '../SEN-KEN/2021SEN_KEN/volleyball/02/2106041920072.MOV', 0),
(4440, -1, -1, 1, 1, -1, -1, -1, '../SEN-KEN/2021SEN_KEN/volleyball/02/2106041920430.MOV', 0),
(4441, -1, -1, 1, 1, -1, -1, -1, '../SEN-KEN/2021SEN_KEN/volleyball/02/2106041920431.MOV', 0),
(4442, -1, -1, 1, 1, -1, -1, -1, '../SEN-KEN/2021SEN_KEN/volleyball/02/2106041920441.MOV', 0),
(4443, -1, -1, 1, 1, -1, -1, -1, '../SEN-KEN/2021SEN_KEN/volleyball/02/2106041921240.MOV', 0),
(4444, -1, -1, 1, 1, -1, -1, -1, '../SEN-KEN/2021SEN_KEN/volleyball/02/2106041921242.MOV', 0),
(4445, -1, -1, 1, 1, -1, -1, -1, '../SEN-KEN/2021SEN_KEN/volleyball/02/2106041921252.MOV', 0),
(4446, -1, -1, 1, 1, -1, -1, -1, '../SEN-KEN/2021SEN_KEN/volleyball/02/2106041921440.MOV', 0),
(4447, -1, -1, 1, 1, -1, -1, -1, '../SEN-KEN/2021SEN_KEN/volleyball/02/2106041921442.MOV', 0),
(4448, -1, -1, 1, 1, -1, -1, -1, '../SEN-KEN/2021SEN_KEN/volleyball/02/2106041922022.MOV', 0),
(4449, -1, -1, 1, 1, -1, -1, -1, '../SEN-KEN/2021SEN_KEN/volleyball/02/2106041922031.MOV', 0),
(4450, -1, -1, 1, 1, -1, -1, -1, '../SEN-KEN/2021SEN_KEN/volleyball/02/2106041922041.MOV', 0),
(4451, -1, -1, 1, 1, -1, -1, -1, '../SEN-KEN/2021SEN_KEN/volleyball/02/2106041926581.MOV', 0),
(4452, -1, -1, 1, 1, -1, -1, -1, '../SEN-KEN/2021SEN_KEN/volleyball/02/2106041927140.MOV', 0),
(4453, -1, -1, 1, 1, -1, -1, -1, '../SEN-KEN/2021SEN_KEN/volleyball/02/2106041927142.MOV', 0),
(4454, -1, -1, 1, 1, -1, -1, -1, '../SEN-KEN/2021SEN_KEN/volleyball/02/2106041927143.MOV', 0),
(4455, -1, -1, 1, 1, -1, -1, -1, '../SEN-KEN/2021SEN_KEN/volleyball/02/2106041927530.MOV', 0),
(4456, -1, -1, 1, 1, -1, -1, -1, '../SEN-KEN/2021SEN_KEN/volleyball/02/2106041927533.MOV', 0),
(4457, -1, -1, 1, 1, -1, -1, -1, '../SEN-KEN/2021SEN_KEN/volleyball/02/2106041927541.MOV', 0),
(4458, -1, -1, 1, 1, -1, -1, -1, '../SEN-KEN/2021SEN_KEN/volleyball/02/2106041928340.MOV', 0),
(4459, -1, -1, 1, 1, -1, -1, -1, '../SEN-KEN/2021SEN_KEN/volleyball/02/2106041928342.MOV', 0),
(4460, -1, -1, 1, 1, -1, -1, -1, '../SEN-KEN/2021SEN_KEN/volleyball/02/2106041928343.MOV', 0),
(4461, -1, -1, 1, 1, -1, -1, -1, '../SEN-KEN/2021SEN_KEN/volleyball/02/2106041928563.MOV', 0),
(4462, -1, -1, 1, 1, -1, -1, -1, '../SEN-KEN/2021SEN_KEN/volleyball/02/2106041928570.MOV', 0),
(4463, -1, -1, 1, 1, -1, -1, -1, '../SEN-KEN/2021SEN_KEN/volleyball/02/2106041928571.MOV', 0),
(4464, -1, -1, 1, 1, -1, -1, -1, '../SEN-KEN/2021SEN_KEN/volleyball/02/2106041929170.MOV', 0),
(4465, -1, -1, 1, 1, -1, -1, -1, '../SEN-KEN/2021SEN_KEN/volleyball/02/2106041929172.MOV', 0),
(4466, -1, -1, 1, 1, -1, -1, -1, '../SEN-KEN/2021SEN_KEN/volleyball/02/2106041929182.MOV', 0),
(4467, -1, -1, 1, 1, -1, -1, -1, '../SEN-KEN/2021SEN_KEN/volleyball/02/2106041929491.MOV', 0),
(4468, -1, -1, 1, 1, -1, -1, -1, '../SEN-KEN/2021SEN_KEN/volleyball/02/2106041929500.MOV', 0),
(4469, -1, -1, 1, 1, -1, -1, -1, '../SEN-KEN/2021SEN_KEN/volleyball/02/2106041929502.MOV', 0),
(4470, -1, -1, 1, 1, -1, -1, -1, '../SEN-KEN/2021SEN_KEN/volleyball/02/2106041930312.MOV', 0),
(4471, -1, -1, 1, 1, -1, -1, -1, '../SEN-KEN/2021SEN_KEN/volleyball/02/2106041930320.MOV', 0),
(4472, -1, -1, 1, 1, -1, -1, -1, '../SEN-KEN/2021SEN_KEN/volleyball/02/2106041930322.MOV', 0),
(4473, -1, -1, 1, 1, -1, -1, -1, '../SEN-KEN/2021SEN_KEN/volleyball/02/2106041930482.MOV', 0),
(4474, -1, -1, 1, 1, -1, -1, -1, '../SEN-KEN/2021SEN_KEN/volleyball/02/2106041930490.MOV', 0),
(4475, -1, -1, 1, 1, -1, -1, -1, '../SEN-KEN/2021SEN_KEN/volleyball/02/2106041930492.MOV', 0),
(4476, -1, -1, 1, 1, -1, -1, -1, '../SEN-KEN/2021SEN_KEN/volleyball/02/2106041931040.MOV', 0),
(4477, -1, -1, 1, 1, -1, -1, -1, '../SEN-KEN/2021SEN_KEN/volleyball/02/2106041931041.MOV', 0),
(4478, -1, -1, 1, 1, -1, -1, -1, '../SEN-KEN/2021SEN_KEN/volleyball/02/2106041931042.MOV', 0),
(4479, -1, -1, 1, 1, -1, -1, -1, '../SEN-KEN/2021SEN_KEN/volleyball/02/2106041932380.MOV', 0),
(4480, -1, -1, 1, 1, -1, -1, -1, '../SEN-KEN/2021SEN_KEN/volleyball/02/2106041932381.MOV', 0),
(4481, -1, -1, 1, 1, -1, -1, -1, '../SEN-KEN/2021SEN_KEN/volleyball/02/2106041932382.MOV', 0),
(4482, -1, -1, 1, 1, -1, -1, -1, '../SEN-KEN/2021SEN_KEN/volleyball/02/2106041932562.MOV', 0),
(4483, -1, -1, 1, 1, -1, -1, -1, '../SEN-KEN/2021SEN_KEN/volleyball/02/2106041933440.MOV', 0),
(4484, -1, -1, 1, 1, -1, -1, -1, '../SEN-KEN/2021SEN_KEN/volleyball/02/2106041933441.MOV', 0),
(4485, -1, -1, 1, 1, -1, -1, -1, '../SEN-KEN/2021SEN_KEN/volleyball/02/2106041933451.MOV', 0),
(4486, -1, -1, 1, 1, -1, -1, -1, '../SEN-KEN/2021SEN_KEN/volleyball/02/2106041934340.MOV', 0),
(4487, -1, -1, 1, 1, -1, -1, -1, '../SEN-KEN/2021SEN_KEN/volleyball/02/2106041934342.MOV', 0),
(4488, -1, -1, 1, 1, -1, -1, -1, '../SEN-KEN/2021SEN_KEN/volleyball/02/2106041934352.MOV', 0),
(4489, -1, -1, 1, 1, -1, -1, -1, '../SEN-KEN/2021SEN_KEN/volleyball/02/2106041934550.MOV', 0),
(4490, -1, -1, 1, 1, -1, -1, -1, '../SEN-KEN/2021SEN_KEN/volleyball/02/2106041934552.MOV', 0),
(4491, -1, -1, 1, 1, -1, -1, -1, '../SEN-KEN/2021SEN_KEN/volleyball/02/2106041934562.MOV', 0),
(4492, -1, -1, 1, 1, -1, -1, -1, '../SEN-KEN/2021SEN_KEN/volleyball/02/2106041935130.MOV', 0),
(4493, -1, -1, 1, 1, -1, -1, -1, '../SEN-KEN/2021SEN_KEN/volleyball/02/2106041935132.MOV', 0),
(4494, -1, -1, 1, 1, -1, -1, -1, '../SEN-KEN/2021SEN_KEN/volleyball/02/2106041935450.MOV', 0),
(4495, -1, -1, 1, 1, -1, -1, -1, '../SEN-KEN/2021SEN_KEN/volleyball/02/2106041935452.MOV', 0),
(4496, -1, -1, 1, 1, -1, -1, -1, '../SEN-KEN/2021SEN_KEN/volleyball/02/2106041935461.MOV', 0),
(4497, -1, -1, 1, 1, -1, -1, -1, '../SEN-KEN/2021SEN_KEN/volleyball/02/2106041936080.MOV', 0),
(4498, -1, -1, 1, 1, -1, -1, -1, '../SEN-KEN/2021SEN_KEN/volleyball/02/2106041936082.MOV', 0),
(4499, -1, -1, 1, 1, -1, -1, -1, '../SEN-KEN/2021SEN_KEN/volleyball/02/2106041936083.MOV', 0),
(4500, -1, -1, 1, 1, -1, -1, -1, '../SEN-KEN/2021SEN_KEN/volleyball/02/2106041936253.MOV', 0),
(4501, -1, -1, 1, 1, -1, -1, -1, '../SEN-KEN/2021SEN_KEN/volleyball/02/2106041936260.MOV', 0),
(4502, -1, -1, 1, 1, -1, -1, -1, '../SEN-KEN/2021SEN_KEN/volleyball/02/2106041936261.MOV', 0),
(4503, -1, -1, 1, 1, -1, -1, -1, '../SEN-KEN/2021SEN_KEN/volleyball/02/2106041936421.MOV', 0),
(4504, -1, -1, 1, 1, -1, -1, -1, '../SEN-KEN/2021SEN_KEN/volleyball/02/2106041936430.MOV', 0),
(4505, -1, -1, 1, 1, -1, -1, -1, '../SEN-KEN/2021SEN_KEN/volleyball/02/2106041936431.MOV', 0),
(4506, -1, -1, 1, 1, -1, -1, -1, '../SEN-KEN/2021SEN_KEN/volleyball/02/2106041937070.MOV', 0),
(4507, -1, -1, 1, 1, -1, -1, -1, '../SEN-KEN/2021SEN_KEN/volleyball/02/2106041937071.MOV', 0),
(4508, -1, -1, 1, 1, -1, -1, -1, '../SEN-KEN/2021SEN_KEN/volleyball/02/2106041937081.MOV', 0),
(4509, -1, -1, 1, 1, -1, -1, -1, '../SEN-KEN/2021SEN_KEN/volleyball/02/2106251901181.MOV', 0),
(4510, -1, -1, 1, 1, -1, -1, -1, '../SEN-KEN/2021SEN_KEN/volleyball/02/2106251908361.MOV', 0),
(4511, -1, -1, 1, 1, -1, -1, -1, '../SEN-KEN/2021SEN_KEN/volleyball/02/2106251911451.MOV', 0),
(4512, -1, -1, 1, 1, -1, -1, -1, '../SEN-KEN/2021SEN_KEN/volleyball/02/2106251911481.MOV', 0),
(4513, -1, -1, 1, 1, -1, -1, -1, '../SEN-KEN/2021SEN_KEN/volleyball/02/2106251911591.MOV', 0),
(4514, -1, -1, 1, 1, -1, -1, -1, '../SEN-KEN/2021SEN_KEN/volleyball/02/2106251912001.MOV', 0),
(4515, -1, -1, 1, 1, -1, -1, -1, '../SEN-KEN/2021SEN_KEN/volleyball/02/2106251912141.MOV', 0),
(4516, -1, -1, 1, 1, -1, -1, -1, '../SEN-KEN/2021SEN_KEN/volleyball/02/2106251912151.MOV', 0),
(4517, -1, -1, 1, 1, -1, -1, -1, '../SEN-KEN/2021SEN_KEN/volleyball/02/2106251912501.MOV', 0),
(4518, -1, -1, 1, 1, -1, -1, -1, '../SEN-KEN/2021SEN_KEN/volleyball/02/2106251912511.MOV', 0),
(4519, -1, -1, 1, 1, -1, -1, -1, '../SEN-KEN/2021SEN_KEN/volleyball/02/2106251913311.MOV', 0),
(4520, -1, -1, 1, 1, -1, -1, -1, '../SEN-KEN/2021SEN_KEN/volleyball/02/2106251913321.MOV', 0),
(4521, -1, -1, 1, 1, -1, -1, -1, '../SEN-KEN/2021SEN_KEN/volleyball/02/2106251913451.MOV', 0),
(4522, -1, -1, 1, 1, -1, -1, -1, '../SEN-KEN/2021SEN_KEN/volleyball/02/2106251913461.MOV', 0),
(4523, -1, -1, 1, 1, -1, -1, -1, '../SEN-KEN/2021SEN_KEN/volleyball/02/2106251914111.MOV', 0),
(4524, -1, -1, 1, 1, -1, -1, -1, '../SEN-KEN/2021SEN_KEN/volleyball/02/2106251914121.MOV', 0),
(4525, -1, -1, 1, 1, -1, -1, -1, '../SEN-KEN/2021SEN_KEN/volleyball/02/2106251914181.MOV', 0),
(4526, -1, -1, 1, 1, -1, -1, -1, '../SEN-KEN/2021SEN_KEN/volleyball/02/2106251914250.MOV', 0),
(4527, -1, -1, 1, 1, -1, -1, -1, '../SEN-KEN/2021SEN_KEN/volleyball/02/2106251914252.MOV', 0),
(4528, -1, -1, 1, 1, -1, -1, -1, '../SEN-KEN/2021SEN_KEN/volleyball/02/2106251914592.MOV', 0),
(4529, -1, -1, 1, 1, -1, -1, -1, '../SEN-KEN/2021SEN_KEN/volleyball/02/2106251915001.MOV', 0),
(4530, -1, -1, 1, 1, -1, -1, -1, '../SEN-KEN/2021SEN_KEN/volleyball/02/2106251915111.MOV', 0),
(4531, -1, -1, 1, 1, -1, -1, -1, '../SEN-KEN/2021SEN_KEN/volleyball/02/2106251915121.MOV', 0),
(4532, -1, -1, 1, 1, -1, -1, -1, '../SEN-KEN/2021SEN_KEN/volleyball/02/2106251915240.MOV', 0),
(4533, -1, -1, 1, 1, -1, -1, -1, '../SEN-KEN/2021SEN_KEN/volleyball/02/2106251915242.MOV', 0),
(4534, -1, -1, 1, 1, -1, -1, -1, '../SEN-KEN/2021SEN_KEN/volleyball/02/2106251915370.MOV', 0),
(4535, -1, -1, 1, 1, -1, -1, -1, '../SEN-KEN/2021SEN_KEN/volleyball/02/2106251915372.MOV', 0),
(4536, -1, -1, 1, 1, -1, -1, -1, '../SEN-KEN/2021SEN_KEN/volleyball/02/2106251915510.MOV', 0),
(4537, -1, -1, 1, 1, -1, -1, -1, '../SEN-KEN/2021SEN_KEN/volleyball/02/2106251915512.MOV', 0),
(4538, -1, -1, 1, 1, -1, -1, -1, '../SEN-KEN/2021SEN_KEN/volleyball/02/2106251916100.MOV', 0),
(4539, -1, -1, 1, 1, -1, -1, -1, '../SEN-KEN/2021SEN_KEN/volleyball/02/2106251916102.MOV', 0),
(4540, -1, -1, 1, 1, -1, -1, -1, '../SEN-KEN/2021SEN_KEN/volleyball/02/2106251916351.MOV', 0),
(4541, -1, -1, 1, 1, -1, -1, -1, '../SEN-KEN/2021SEN_KEN/volleyball/02/2106251916361.MOV', 0),
(4542, -1, -1, 1, 1, -1, -1, -1, '../SEN-KEN/2021SEN_KEN/volleyball/02/2106251916581.MOV', 0),
(4543, -1, -1, 1, 1, -1, -1, -1, '../SEN-KEN/2021SEN_KEN/volleyball/02/2106251916591.MOV', 0),
(4544, -1, -1, 1, 1, -1, -1, -1, '../SEN-KEN/2021SEN_KEN/volleyball/02/2106251917130.MOV', 0),
(4545, -1, -1, 1, 1, -1, -1, -1, '../SEN-KEN/2021SEN_KEN/volleyball/02/2106251917131.MOV', 0),
(4546, -1, -1, 1, 1, -1, -1, -1, '../SEN-KEN/2021SEN_KEN/volleyball/02/2106251917250.MOV', 0),
(4547, -1, -1, 1, 1, -1, -1, -1, '../SEN-KEN/2021SEN_KEN/volleyball/02/2106251917260.MOV', 0),
(4548, -1, -1, 1, 1, -1, -1, -1, '../SEN-KEN/2021SEN_KEN/volleyball/02/2106251917370.MOV', 0),
(4549, -1, -1, 1, 1, -1, -1, -1, '../SEN-KEN/2021SEN_KEN/volleyball/02/2106251917380.MOV', 0),
(4550, -1, -1, 1, 1, -1, -1, -1, '../SEN-KEN/2021SEN_KEN/volleyball/02/2106251919410.MOV', 0),
(4551, -1, -1, 1, 1, -1, -1, -1, '../SEN-KEN/2021SEN_KEN/volleyball/02/2106251919411.MOV', 0),
(4552, -1, -1, 1, 1, -1, -1, -1, '../SEN-KEN/2021SEN_KEN/volleyball/02/2106251920190.MOV', 0),
(4553, -1, -1, 1, 1, -1, -1, -1, '../SEN-KEN/2021SEN_KEN/volleyball/02/2106251920191.MOV', 0),
(4554, -1, -1, 1, 1, -1, -1, -1, '../SEN-KEN/2021SEN_KEN/volleyball/02/2106251920330.MOV', 0),
(4555, -1, -1, 1, 1, -1, -1, -1, '../SEN-KEN/2021SEN_KEN/volleyball/02/2106251920340.MOV', 0),
(4556, -1, -1, 1, 1, -1, -1, -1, '../SEN-KEN/2021SEN_KEN/volleyball/02/2106251920400.MOV', 0),
(4557, -1, -1, 1, 1, -1, -1, -1, '../SEN-KEN/2021SEN_KEN/volleyball/02/2106251920500.MOV', 0),
(4558, -1, -1, 1, 1, -1, -1, -1, '../SEN-KEN/2021SEN_KEN/volleyball/02/2106251920520.MOV', 0),
(4559, -1, -1, 1, 1, -1, -1, -1, '../SEN-KEN/2021SEN_KEN/volleyball/02/2106251921020.MOV', 0),
(4560, -1, -1, 1, 1, -1, -1, -1, '../SEN-KEN/2021SEN_KEN/volleyball/02/2106251921040.MOV', 0),
(4561, -1, -1, 1, 1, -1, -1, -1, '../SEN-KEN/2021SEN_KEN/volleyball/02/2106251921270.MOV', 0),
(4562, -1, -1, 1, 1, -1, -1, -1, '../SEN-KEN/2021SEN_KEN/volleyball/02/2106251921280.MOV', 0),
(4563, -1, -1, 1, 1, -1, -1, -1, '../SEN-KEN/2021SEN_KEN/volleyball/02/2106251921410.MOV', 0),
(4564, -1, -1, 1, 1, -1, -1, -1, '../SEN-KEN/2021SEN_KEN/volleyball/02/2106251921411.MOV', 0),
(4565, -1, -1, 1, 1, -1, -1, -1, '../SEN-KEN/2021SEN_KEN/volleyball/02/2106251921560.MOV', 0),
(4566, -1, -1, 1, 1, -1, -1, -1, '../SEN-KEN/2021SEN_KEN/volleyball/02/2106251921561.MOV', 0),
(4567, -1, -1, 1, 1, -1, -1, -1, '../SEN-KEN/2021SEN_KEN/volleyball/02/2106251922140.MOV', 0),
(4568, -1, -1, 1, 1, -1, -1, -1, '../SEN-KEN/2021SEN_KEN/volleyball/02/2106251922141.MOV', 0),
(4569, -1, -1, 1, 1, -1, -1, -1, '../SEN-KEN/2021SEN_KEN/volleyball/02/2106251922400.MOV', 0),
(4570, -1, -1, 1, 1, -1, -1, -1, '../SEN-KEN/2021SEN_KEN/volleyball/02/2106251922410.MOV', 0),
(4571, -1, -1, 1, 1, -1, -1, -1, '../SEN-KEN/2021SEN_KEN/volleyball/02/2106251922550.MOV', 0),
(4572, -1, -1, 1, 1, -1, -1, -1, '../SEN-KEN/2021SEN_KEN/volleyball/02/2106251922560.MOV', 0),
(4573, -1, -1, 1, 1, -1, -1, -1, '../SEN-KEN/2021SEN_KEN/volleyball/02/2106251923150.MOV', 0),
(4574, -1, -1, 1, 1, -1, -1, -1, '../SEN-KEN/2021SEN_KEN/volleyball/02/2106251923160.MOV', 0),
(4575, -1, -1, 1, 1, -1, -1, -1, '../SEN-KEN/2021SEN_KEN/volleyball/02/2106251923390.MOV', 0),
(4576, -1, -1, 1, 1, -1, -1, -1, '../SEN-KEN/2021SEN_KEN/volleyball/02/2106251923400.MOV', 0),
(4577, -1, -1, 1, 1, -1, -1, -1, '../SEN-KEN/2021SEN_KEN/volleyball/02/2106251923460.MOV', 0),
(4578, -1, -1, 1, 1, -1, -1, -1, '../SEN-KEN/2021SEN_KEN/volleyball/02/2106251923520.MOV', 0),
(4579, -1, -1, 1, 1, -1, -1, -1, '../SEN-KEN/2021SEN_KEN/volleyball/02/2106251923530.MOV', 0),
(4580, -1, -1, 1, 1, -1, -1, -1, '../SEN-KEN/2021SEN_KEN/volleyball/02/2106251924060.MOV', 0),
(4581, -1, -1, 1, 1, -1, -1, -1, '../SEN-KEN/2021SEN_KEN/volleyball/02/2106251924070.MOV', 0),
(4582, -1, -1, 1, 1, -1, -1, -1, '../SEN-KEN/2021SEN_KEN/volleyball/02/2106251926310.MOV', 0),
(4583, -1, -1, 1, 1, -1, -1, -1, '../SEN-KEN/2021SEN_KEN/volleyball/02/2106251926320.MOV', 0),
(4584, -1, -1, 1, 1, -1, -1, -1, '../SEN-KEN/2021SEN_KEN/volleyball/02/2106251926490.MOV', 0),
(4585, -1, -1, 1, 1, -1, -1, -1, '../SEN-KEN/2021SEN_KEN/volleyball/02/2106251926500.MOV', 0),
(4586, -1, -1, 1, 1, -1, -1, -1, '../SEN-KEN/2021SEN_KEN/volleyball/02/2106251927140.MOV', 0),
(4587, -1, -1, 1, 1, -1, -1, -1, '../SEN-KEN/2021SEN_KEN/volleyball/02/2106251927150.MOV', 0),
(4588, -1, -1, 1, 1, -1, -1, -1, '../SEN-KEN/2021SEN_KEN/volleyball/02/2106251927280.MOV', 0),
(4589, -1, -1, 1, 1, -1, -1, -1, '../SEN-KEN/2021SEN_KEN/volleyball/02/2106251927290.MOV', 0),
(4590, -1, -1, 1, 1, -1, -1, -1, '../SEN-KEN/2021SEN_KEN/volleyball/02/2106251927450.MOV', 0),
(4591, -1, -1, 1, 1, -1, -1, -1, '../SEN-KEN/2021SEN_KEN/volleyball/02/2106251927490.MOV', 0),
(4592, -1, -1, 1, 1, -1, -1, -1, '../SEN-KEN/2021SEN_KEN/volleyball/02/2106251927590.MOV', 0),
(4593, -1, -1, 1, 1, -1, -1, -1, '../SEN-KEN/2021SEN_KEN/volleyball/02/2106251928000.MOV', 0),
(4594, -1, -1, 1, 1, -1, -1, -1, '../SEN-KEN/2021SEN_KEN/volleyball/02/2106251928170.MOV', 0),
(4595, -1, -1, 1, 1, -1, -1, -1, '../SEN-KEN/2021SEN_KEN/volleyball/02/2106251928171.MOV', 0),
(4596, -1, -1, 1, 1, -1, -1, -1, '../SEN-KEN/2021SEN_KEN/volleyball/02/2106251928300.MOV', 0),
(4597, -1, -1, 1, 1, -1, -1, -1, '../SEN-KEN/2021SEN_KEN/volleyball/02/2106251928301.MOV', 0),
(4598, -1, -1, 1, 1, -1, -1, -1, '../SEN-KEN/2021SEN_KEN/volleyball/02/2106251928500.MOV', 0),
(4599, -1, -1, 1, 1, -1, -1, -1, '../SEN-KEN/2021SEN_KEN/volleyball/02/2106251928570.MOV', 0),
(4600, -1, -1, 1, 1, -1, -1, -1, '../SEN-KEN/2021SEN_KEN/volleyball/02/2106251928571.MOV', 0),
(4601, -1, -1, 1, 1, -1, -1, -1, '../SEN-KEN/2021SEN_KEN/volleyball/02/2106251929090.MOV', 0),
(4602, -1, -1, 1, 1, -1, -1, -1, '../SEN-KEN/2021SEN_KEN/volleyball/02/2106251929091.MOV', 0),
(4603, -1, -1, 1, 1, -1, -1, -1, '../SEN-KEN/2021SEN_KEN/volleyball/02/2106251929220.MOV', 0),
(4604, -1, -1, 1, 1, -1, -1, -1, '../SEN-KEN/2021SEN_KEN/volleyball/02/2106251929240.MOV', 0),
(4605, -1, -1, 1, 1, -1, -1, -1, '../SEN-KEN/2021SEN_KEN/volleyball/02/2106251929400.MOV', 0),
(4606, -1, -1, 1, 1, -1, -1, -1, '../SEN-KEN/2021SEN_KEN/volleyball/02/2106251929401.MOV', 0),
(4607, -1, -1, 1, 1, -1, -1, -1, '../SEN-KEN/2021SEN_KEN/volleyball/02/2106251929510.MOV', 0),
(4608, -1, -1, 1, 1, -1, -1, -1, '../SEN-KEN/2021SEN_KEN/volleyball/02/2106251929520.MOV', 0),
(4609, -1, -1, 1, 1, -1, -1, -1, '../SEN-KEN/2021SEN_KEN/volleyball/02/2106251930060.MOV', 0),
(4610, -1, -1, 1, 1, -1, -1, -1, '../SEN-KEN/2021SEN_KEN/volleyball/02/2106251930070.MOV', 0),
(4611, -1, -1, 1, 1, -1, -1, -1, '../SEN-KEN/2021SEN_KEN/volleyball/03/2106251911480.MOV', 0),
(4612, -1, -1, 1, 1, -1, -1, -1, '../SEN-KEN/2021SEN_KEN/volleyball/03/2106251912000.MOV', 0),
(4613, -1, -1, 1, 1, -1, -1, -1, '../SEN-KEN/2021SEN_KEN/volleyball/03/2106251912150.MOV', 0),
(4614, -1, -1, 1, 1, -1, -1, -1, '../SEN-KEN/2021SEN_KEN/volleyball/03/2106251912510.MOV', 0),
(4615, -1, -1, 1, 1, -1, -1, -1, '../SEN-KEN/2021SEN_KEN/volleyball/03/2106251913320.MOV', 0),
(4616, -1, -1, 1, 1, -1, -1, -1, '../SEN-KEN/2021SEN_KEN/volleyball/03/2106251913460.MOV', 0),
(4617, -1, -1, 1, 1, -1, -1, -1, '../SEN-KEN/2021SEN_KEN/volleyball/03/2106251914120.MOV', 0),
(4618, -1, -1, 1, 1, -1, -1, -1, '../SEN-KEN/2021SEN_KEN/volleyball/04/2107061852410.MOV', 0),
(4619, -1, -1, 1, 1, -1, -1, -1, '../SEN-KEN/2021SEN_KEN/volleyball/04/2107061852570.MOV', 0),
(4620, -1, -1, 1, 1, -1, -1, -1, '../SEN-KEN/2021SEN_KEN/volleyball/04/2107061852580.MOV', 0),
(4621, -1, -1, 1, 1, -1, -1, -1, '../SEN-KEN/2021SEN_KEN/volleyball/04/2107061853180.MOV', 0),
(4622, -1, -1, 1, 1, -1, -1, -1, '../SEN-KEN/2021SEN_KEN/volleyball/04/2107061853190.MOV', 0),
(4623, -1, -1, 1, 1, -1, -1, -1, '../SEN-KEN/2021SEN_KEN/volleyball/04/2107061856030.MOV', 0),
(4624, -1, -1, 1, 1, -1, -1, -1, '../SEN-KEN/2021SEN_KEN/volleyball/04/2107061856050.MOV', 0),
(4625, -1, -1, 1, 1, -1, -1, -1, '../SEN-KEN/2021SEN_KEN/volleyball/04/2107061856100.MOV', 0),
(4626, -1, -1, 1, 1, -1, -1, -1, '../SEN-KEN/2021SEN_KEN/volleyball/04/2107061856120.MOV', 0),
(4627, -1, -1, 1, 1, -1, -1, -1, '../SEN-KEN/2021SEN_KEN/volleyball/04/2107061856540.MOV', 0),
(4628, -1, -1, 1, 1, -1, -1, -1, '../SEN-KEN/2021SEN_KEN/volleyball/04/2107061857090.MOV', 0),
(4629, -1, -1, 1, 1, -1, -1, -1, '../SEN-KEN/2021SEN_KEN/volleyball/04/2107061857100.MOV', 0),
(4630, -1, -1, 1, 1, -1, -1, -1, '../SEN-KEN/2021SEN_KEN/volleyball/04/2107061857310.MOV', 0),
(4631, -1, -1, 1, 1, -1, -1, -1, '../SEN-KEN/2021SEN_KEN/volleyball/04/2107061857320.MOV', 0),
(4632, -1, -1, 1, 1, -1, -1, -1, '../SEN-KEN/2021SEN_KEN/volleyball/04/2107061857460.MOV', 0),
(4633, -1, -1, 1, 1, -1, -1, -1, '../SEN-KEN/2021SEN_KEN/volleyball/04/2107061857490.MOV', 0),
(4634, -1, -1, 1, 1, -1, -1, -1, '../SEN-KEN/2021SEN_KEN/volleyball/04/2107061858040.MOV', 0),
(4635, -1, -1, 1, 1, -1, -1, -1, '../SEN-KEN/2021SEN_KEN/volleyball/04/2107061858060.MOV', 0),
(4636, -1, -1, 1, 1, -1, -1, -1, '../SEN-KEN/2021SEN_KEN/volleyball/04/2107061908270.MOV', 0),
(4637, -1, -1, 1, 1, -1, -1, -1, '../SEN-KEN/2021SEN_KEN/volleyball/04/2107061908280.MOV', 0),
(4638, -1, -1, 1, 1, -1, -1, -1, '../SEN-KEN/2021SEN_KEN/volleyball/04/2107061909190.MOV', 0),
(4639, -1, -1, 1, 1, -1, -1, -1, '../SEN-KEN/2021SEN_KEN/volleyball/04/2107061909200.MOV', 0),
(4640, -1, -1, 1, 1, -1, -1, -1, '../SEN-KEN/2021SEN_KEN/volleyball/04/2107061909340.MOV', 0),
(4641, -1, -1, 1, 1, -1, -1, -1, '../SEN-KEN/2021SEN_KEN/volleyball/04/2107061909350.MOV', 0),
(4642, -1, -1, 1, 1, -1, -1, -1, '../SEN-KEN/2021SEN_KEN/volleyball/04/2107061916450.MOV', 0),
(4643, -1, -1, 1, 1, -1, -1, -1, '../SEN-KEN/2021SEN_KEN/volleyball/04/2107061916490.MOV', 0),
(4644, -1, -1, 1, 1, -1, -1, -1, '../SEN-KEN/2021SEN_KEN/volleyball/04/210706191720.MOV', 0),
(4645, -1, -1, 1, 1, -1, -1, -1, '../SEN-KEN/2021SEN_KEN/volleyball/04/2107061917200.MOV', 0),
(4646, -1, -1, 1, 1, -1, -1, -1, '../SEN-KEN/2021SEN_KEN/volleyball/04/2107061917380.MOV', 0),
(4647, -1, -1, 1, 1, -1, -1, -1, '../SEN-KEN/2021SEN_KEN/volleyball/04/2107061917390.MOV', 0),
(4648, -1, -1, 1, 1, -1, -1, -1, '../SEN-KEN/2021SEN_KEN/volleyball/04/2107061917530.MOV', 0),
(4649, -1, -1, 1, 1, -1, -1, -1, '../SEN-KEN/2021SEN_KEN/volleyball/04/2107061917540.MOV', 0),
(4650, -1, -1, 1, 1, -1, -1, -1, '../SEN-KEN/2021SEN_KEN/volleyball/04/2107061918100.MOV', 0),
(4651, -1, -1, 1, 1, -1, -1, -1, '../SEN-KEN/2021SEN_KEN/volleyball/04/2107061918120.MOV', 0),
(4652, -1, -1, 1, 1, -1, -1, -1, '../SEN-KEN/2021SEN_KEN/volleyball/04/2107061918280.MOV', 0),
(4653, -1, -1, 1, 1, -1, -1, -1, '../SEN-KEN/2021SEN_KEN/volleyball/04/2107061918290.MOV', 0),
(4654, -1, -1, 1, 1, -1, -1, -1, '../SEN-KEN/2021SEN_KEN/volleyball/04/2107061924500.MOV', 0),
(4655, -1, -1, 1, 1, -1, -1, -1, '../SEN-KEN/2021SEN_KEN/volleyball/04/2107061924501.MOV', 0),
(4656, -1, -1, 1, 1, -1, -1, -1, '../SEN-KEN/2021SEN_KEN/volleyball/04/2107061925130.MOV', 0),
(4657, -1, -1, 1, 1, -1, -1, -1, '../SEN-KEN/2021SEN_KEN/volleyball/04/2107061925140.MOV', 0),
(4658, -1, -1, 1, 1, -1, -1, -1, '../SEN-KEN/2021SEN_KEN/volleyball/04/2107061927180.MOV', 0),
(4659, -1, -1, 1, 1, -1, -1, -1, '../SEN-KEN/2021SEN_KEN/volleyball/04/2107061927200.MOV', 0),
(4660, -1, -1, 1, 1, -1, -1, -1, '../SEN-KEN/2021SEN_KEN/volleyball/04/2107061927480.MOV', 0),
(4661, -1, -1, 1, 1, -1, -1, -1, '../SEN-KEN/2021SEN_KEN/volleyball/04/2107061927490.MOV', 0),
(4662, -1, -1, 1, 1, -1, -1, -1, '../SEN-KEN/2021SEN_KEN/volleyball/04/2107061928040.MOV', 0),
(4663, -1, -1, 1, 1, -1, -1, -1, '../SEN-KEN/2021SEN_KEN/volleyball/04/2107061928050.MOV', 0),
(4664, -1, -1, 1, 1, -1, -1, -1, '../SEN-KEN/2021SEN_KEN/volleyball/04/2107061928250.MOV', 0),
(4665, -1, -1, 1, 1, -1, -1, -1, '../SEN-KEN/2021SEN_KEN/volleyball/04/2107061928251.MOV', 0),
(4666, -1, -1, 1, 1, -1, -1, -1, '../SEN-KEN/2021SEN_KEN/volleyball/04/2107061928420.MOV', 0),
(4667, -1, -1, 1, 1, -1, -1, -1, '../SEN-KEN/2021SEN_KEN/volleyball/04/2107061928430.MOV', 0),
(4668, -1, -1, 1, 1, -1, -1, -1, '../SEN-KEN/2021SEN_KEN/volleyball/05/210706190920.MOV', 0),
(4669, -1, -1, 1, 1, -1, -1, -1, '../SEN-KEN/2021SEN_KEN/volleyball/05/2108031840100.MOV', 0),
(4670, -1, -1, 1, 1, -1, -1, -1, '../SEN-KEN/2021SEN_KEN/volleyball/05/2108031840110.MOV', 0),
(4671, -1, -1, 1, 1, -1, -1, -1, '../SEN-KEN/2021SEN_KEN/volleyball/05/2108031840440.MOV', 0),
(4672, -1, -1, 1, 1, -1, -1, -1, '../SEN-KEN/2021SEN_KEN/volleyball/05/2108031840450.MOV', 0),
(4673, -1, -1, 1, 1, -1, -1, -1, '../SEN-KEN/2021SEN_KEN/volleyball/05/2108031841050.MOV', 0),
(4674, -1, -1, 1, 1, -1, -1, -1, '../SEN-KEN/2021SEN_KEN/volleyball/05/2108031841060.MOV', 0),
(4675, -1, -1, 1, 1, -1, -1, -1, '../SEN-KEN/2021SEN_KEN/volleyball/05/2108031841220.MOV', 0),
(4676, -1, -1, 1, 1, -1, -1, -1, '../SEN-KEN/2021SEN_KEN/volleyball/05/2108031841380.MOV', 0),
(4677, -1, -1, 1, 1, -1, -1, -1, '../SEN-KEN/2021SEN_KEN/volleyball/05/2108031841381.MOV', 0),
(4678, -1, -1, 1, 1, -1, -1, -1, '../SEN-KEN/2021SEN_KEN/volleyball/05/2108031841580.MOV', 0),
(4679, -1, -1, 1, 1, -1, -1, -1, '../SEN-KEN/2021SEN_KEN/volleyball/05/2108031841590.MOV', 0),
(4680, -1, -1, 1, 1, -1, -1, -1, '../SEN-KEN/2021SEN_KEN/volleyball/05/2108031842180.MOV', 0),
(4681, -1, -1, 1, 1, -1, -1, -1, '../SEN-KEN/2021SEN_KEN/volleyball/05/2108031842181.MOV', 0),
(4682, -1, -1, 1, 1, -1, -1, -1, '../SEN-KEN/2021SEN_KEN/volleyball/05/2108031842310.MOV', 0),
(4683, -1, -1, 1, 1, -1, -1, -1, '../SEN-KEN/2021SEN_KEN/volleyball/05/2108031842311.MOV', 0),
(4684, -1, -1, 1, 1, -1, -1, -1, '../SEN-KEN/2021SEN_KEN/volleyball/05/2108031842580.MOV', 0),
(4685, -1, -1, 1, 1, -1, -1, -1, '../SEN-KEN/2021SEN_KEN/volleyball/05/2108031843000.MOV', 0),
(4686, -1, -1, 1, 1, -1, -1, -1, '../SEN-KEN/2021SEN_KEN/volleyball/05/2108031843120.MOV', 0),
(4687, -1, -1, 1, 1, -1, -1, -1, '../SEN-KEN/2021SEN_KEN/volleyball/05/2108031843121.MOV', 0),
(4688, -1, -1, 1, 1, -1, -1, -1, '../SEN-KEN/2021SEN_KEN/volleyball/05/2108031845130.MOV', 0),
(4689, -1, -1, 1, 1, -1, -1, -1, '../SEN-KEN/2021SEN_KEN/volleyball/05/2108031845140.MOV', 0),
(4690, -1, -1, 1, 1, -1, -1, -1, '../SEN-KEN/2021SEN_KEN/volleyball/05/2108031845310.MOV', 0),
(4691, -1, -1, 1, 1, -1, -1, -1, '../SEN-KEN/2021SEN_KEN/volleyball/05/2108031845330.MOV', 0),
(4692, -1, -1, 1, 1, -1, -1, -1, '../SEN-KEN/2021SEN_KEN/volleyball/05/2108031845480.MOV', 0),
(4693, -1, -1, 1, 1, -1, -1, -1, '../SEN-KEN/2021SEN_KEN/volleyball/05/2108031845481.MOV', 0),
(4694, -1, -1, 1, 1, -1, -1, -1, '../SEN-KEN/2021SEN_KEN/volleyball/05/2108031846570.MOV', 0),
(4695, -1, -1, 1, 1, -1, -1, -1, '../SEN-KEN/2021SEN_KEN/volleyball/05/2108031846571.MOV', 0),
(4696, -1, -1, 1, 1, -1, -1, -1, '../SEN-KEN/2021SEN_KEN/volleyball/05/2108031847120.MOV', 0),
(4697, -1, -1, 1, 1, -1, -1, -1, '../SEN-KEN/2021SEN_KEN/volleyball/05/2108031847121.MOV', 0),
(4698, -1, -1, 1, 1, -1, -1, -1, '../SEN-KEN/2021SEN_KEN/volleyball/05/2108031855510.MOV', 0),
(4699, -1, -1, 1, 1, -1, -1, -1, '../SEN-KEN/2021SEN_KEN/volleyball/05/2108031855520.MOV', 0),
(4700, -1, -1, 1, 1, -1, -1, -1, '../SEN-KEN/2021SEN_KEN/volleyball/05/2108031856330.MOV', 0),
(4701, -1, -1, 1, 1, -1, -1, -1, '../SEN-KEN/2021SEN_KEN/volleyball/05/2108031856350.MOV', 0),
(4702, -1, -1, 1, 1, -1, -1, -1, '../SEN-KEN/2021SEN_KEN/volleyball/05/2108031856480.MOV', 0),
(4703, -1, -1, 1, 1, -1, -1, -1, '../SEN-KEN/2021SEN_KEN/volleyball/05/2108031856481.MOV', 0),
(4704, -1, -1, 1, 1, -1, -1, -1, '../SEN-KEN/2021SEN_KEN/volleyball/05/2108031857060.MOV', 0),
(4705, -1, -1, 1, 1, -1, -1, -1, '../SEN-KEN/2021SEN_KEN/volleyball/05/2108031857070.MOV', 0),
(4706, -1, -1, 1, 1, -1, -1, -1, '../SEN-KEN/2021SEN_KEN/volleyball/05/2108031857220.MOV', 0),
(4707, -1, -1, 1, 1, -1, -1, -1, '../SEN-KEN/2021SEN_KEN/volleyball/05/2108031857230.MOV', 0),
(4708, -1, -1, 1, 1, -1, -1, -1, '../SEN-KEN/2021SEN_KEN/volleyball/05/2108031857370.MOV', 0),
(4709, -1, -1, 1, 1, -1, -1, -1, '../SEN-KEN/2021SEN_KEN/volleyball/05/2108031857380.MOV', 0),
(4710, -1, -1, 1, 1, -1, -1, -1, '../SEN-KEN/2021SEN_KEN/volleyball/05/2108031857530.MOV', 0),
(4711, -1, -1, 1, 1, -1, -1, -1, '../SEN-KEN/2021SEN_KEN/volleyball/05/2108031857531.MOV', 0),
(4712, -1, -1, 1, 1, -1, -1, -1, '../SEN-KEN/2021SEN_KEN/volleyball/05/2108031858230.MOV', 0),
(4713, -1, -1, 1, 1, -1, -1, -1, '../SEN-KEN/2021SEN_KEN/volleyball/05/2108031858231.MOV', 0),
(4714, -1, -1, 1, 1, -1, -1, -1, '../SEN-KEN/2021SEN_KEN/volleyball/05/2108031858370.MOV', 0),
(4715, -1, -1, 1, 1, -1, -1, -1, '../SEN-KEN/2021SEN_KEN/volleyball/05/2108031859350.MOV', 0),
(4716, -1, -1, 1, 1, -1, -1, -1, '../SEN-KEN/2021SEN_KEN/volleyball/05/2108031859351.MOV', 0),
(4717, -1, -1, 1, 1, -1, -1, -1, '../SEN-KEN/2021SEN_KEN/volleyball/05/2108031859550.MOV', 0),
(4718, -1, -1, 1, 1, -1, -1, -1, '../SEN-KEN/2021SEN_KEN/volleyball/05/2108031900200.MOV', 0),
(4719, -1, -1, 1, 1, -1, -1, -1, '../SEN-KEN/2021SEN_KEN/volleyball/05/2108031900350.MOV', 0),
(4720, -1, -1, 1, 1, -1, -1, -1, '../SEN-KEN/2021SEN_KEN/volleyball/05/2108031900520.MOV', 0),
(4721, -1, -1, 1, 1, -1, -1, -1, '../SEN-KEN/2021SEN_KEN/volleyball/05/2108031901180.MOV', 0),
(4722, -1, -1, 1, 1, -1, -1, -1, '../SEN-KEN/2021SEN_KEN/volleyball/05/2108031901350.MOV', 0),
(4723, -1, -1, 1, 1, -1, -1, -1, '../SEN-KEN/2021SEN_KEN/volleyball/05/2108031901490.MOV', 0),
(4724, -1, -1, 1, 1, -1, -1, -1, '../SEN-KEN/2021SEN_KEN/volleyball/05/2108031902070.MOV', 0),
(4725, -1, -1, 1, 1, -1, -1, -1, '../SEN-KEN/2021SEN_KEN/volleyball/05/2108031902490.MOV', 0),
(4726, -1, -1, 1, 1, -1, -1, -1, '../SEN-KEN/2021SEN_KEN/volleyball/05/2108031906460.MOV', 0),
(4727, -1, -1, 1, 1, -1, -1, -1, '../SEN-KEN/2021SEN_KEN/volleyball/05/2108031906480.MOV', 0),
(4728, -1, -1, 1, 1, -1, -1, -1, '../SEN-KEN/2021SEN_KEN/volleyball/05/2108031906580.MOV', 0),
(4729, -1, -1, 1, 1, -1, -1, -1, '../SEN-KEN/2021SEN_KEN/volleyball/05/2108031907000.MOV', 0),
(4730, -1, -1, 1, 1, -1, -1, -1, '../SEN-KEN/2021SEN_KEN/volleyball/05/2108031907140.MOV', 0),
(4731, -1, -1, 1, 1, -1, -1, -1, '../SEN-KEN/2021SEN_KEN/volleyball/05/2108031907150.MOV', 0),
(4732, -1, -1, 1, 1, -1, -1, -1, '../SEN-KEN/2021SEN_KEN/volleyball/05/2108031907280.MOV', 0),
(4733, -1, -1, 1, 1, -1, -1, -1, '../SEN-KEN/2021SEN_KEN/volleyball/05/2108031907281.MOV', 0),
(4734, -1, -1, 1, 1, -1, -1, -1, '../SEN-KEN/2021SEN_KEN/volleyball/05/2108031907400.MOV', 0),
(4735, -1, -1, 1, 1, -1, -1, -1, '../SEN-KEN/2021SEN_KEN/volleyball/05/2108031907410.MOV', 0),
(4736, -1, -1, 1, 1, -1, -1, -1, '../SEN-KEN/2021SEN_KEN/volleyball/05/2108031909170.MOV', 0),
(4737, -1, -1, 1, 1, -1, -1, -1, '../SEN-KEN/2021SEN_KEN/volleyball/05/2108031909180.MOV', 0),
(4738, -1, -1, 1, 1, -1, -1, -1, '../SEN-KEN/2021SEN_KEN/volleyball/05/2108031909340.MOV', 0),
(4739, -1, -1, 1, 1, -1, -1, -1, '../SEN-KEN/2021SEN_KEN/volleyball/05/2108031909350.MOV', 0),
(4740, -1, -1, 1, 1, -1, -1, -1, '../SEN-KEN/2021SEN_KEN/volleyball/05/2108031910020.MOV', 0),
(4741, -1, -1, 1, 1, -1, -1, -1, '../SEN-KEN/2021SEN_KEN/volleyball/05/2108031910021.MOV', 0),
(4742, -1, -1, 1, 1, -1, -1, -1, '../SEN-KEN/2021SEN_KEN/volleyball/05/2108031910180.MOV', 0),
(4743, -1, -1, 1, 1, -1, -1, -1, '../SEN-KEN/2021SEN_KEN/volleyball/05/2108031910181.MOV', 0),
(4744, -1, -1, 1, 1, -1, -1, -1, '../SEN-KEN/2021SEN_KEN/volleyball/06/2108031847590.MOV', 0),
(4745, -1, -1, 1, 1, -1, -1, -1, '../SEN-KEN/2021SEN_KEN/volleyball/06/2108031848000.MOV', 0),
(4746, -1, -1, 1, 1, -1, -1, -1, '../SEN-KEN/2021SEN_KEN/volleyball/06/210803184816.MOV', 0),
(4747, -1, -1, 1, 1, -1, -1, -1, '../SEN-KEN/2021SEN_KEN/volleyball/06/2108031848160.MOV', 0),
(4748, -1, -1, 1, 1, -1, -1, -1, '../SEN-KEN/2021SEN_KEN/volleyball/06/2108031848300.MOV', 0),
(4749, -1, -1, 1, 1, -1, -1, -1, '../SEN-KEN/2021SEN_KEN/volleyball/06/2108031848310.MOV', 0),
(4750, -1, -1, 1, 1, -1, -1, -1, '../SEN-KEN/2021SEN_KEN/volleyball/06/2108031848440.MOV', 0),
(4751, -1, -1, 1, 1, -1, -1, -1, '../SEN-KEN/2021SEN_KEN/volleyball/06/2108031848450.MOV', 0),
(4752, -1, -1, 1, 1, -1, -1, -1, '../SEN-KEN/2021SEN_KEN/volleyball/06/2108031849030.MOV', 0),
(4753, -1, -1, 1, 1, -1, -1, -1, '../SEN-KEN/2021SEN_KEN/volleyball/06/2108031849031.MOV', 0),
(4754, -1, -1, 1, 1, -1, -1, -1, '../SEN-KEN/2021SEN_KEN/volleyball/06/2108031849210.MOV', 0),
(4755, -1, -1, 1, 1, -1, -1, -1, '../SEN-KEN/2021SEN_KEN/volleyball/06/2108031849220.MOV', 0),
(4756, -1, -1, 1, 1, -1, -1, -1, '../SEN-KEN/2021SEN_KEN/volleyball/06/2108031849390.MOV', 0),
(4757, -1, -1, 1, 1, -1, -1, -1, '../SEN-KEN/2021SEN_KEN/volleyball/06/2108031849400.MOV', 0),
(4758, -1, -1, 1, 1, -1, -1, -1, '../SEN-KEN/2021SEN_KEN/volleyball/06/2108031849580.MOV', 0),
(4759, -1, -1, 1, 1, -1, -1, -1, '../SEN-KEN/2021SEN_KEN/volleyball/06/2108031849590.MOV', 0),
(4760, -1, -1, 1, 1, -1, -1, -1, '../SEN-KEN/2021SEN_KEN/volleyball/06/2108031850140.MOV', 0),
(4761, -1, -1, 1, 1, -1, -1, -1, '../SEN-KEN/2021SEN_KEN/volleyball/06/2108031850150.MOV', 0),
(4762, -1, -1, 1, 1, -1, -1, -1, '../SEN-KEN/2021SEN_KEN/volleyball/06/2108031850330.MOV', 0),
(4763, -1, -1, 1, 1, -1, -1, -1, '../SEN-KEN/2021SEN_KEN/volleyball/06/2108031850340.MOV', 0),
(4764, -1, -1, 1, 1, -1, -1, -1, '../SEN-KEN/2021SEN_KEN/volleyball/06/2108031859550.MOV', 0),
(4765, -1, -1, 1, 1, -1, -1, -1, '../SEN-KEN/2021SEN_KEN/volleyball/06/2108031859551.MOV', 0),
(4766, -1, -1, 1, 1, -1, -1, -1, '../SEN-KEN/2021SEN_KEN/volleyball/06/2108031900190.MOV', 0),
(4767, -1, -1, 1, 1, -1, -1, -1, '../SEN-KEN/2021SEN_KEN/volleyball/06/2108031900200.MOV', 0),
(4768, -1, -1, 1, 1, -1, -1, -1, '../SEN-KEN/2021SEN_KEN/volleyball/06/2108031900340.MOV', 0),
(4769, -1, -1, 1, 1, -1, -1, -1, '../SEN-KEN/2021SEN_KEN/volleyball/06/2108031900350.MOV', 0),
(4770, -1, -1, 1, 1, -1, -1, -1, '../SEN-KEN/2021SEN_KEN/volleyball/06/2108031900500.MOV', 0),
(4771, -1, -1, 1, 1, -1, -1, -1, '../SEN-KEN/2021SEN_KEN/volleyball/06/2108031900520.MOV', 0),
(4772, -1, -1, 1, 1, -1, -1, -1, '../SEN-KEN/2021SEN_KEN/volleyball/06/2108031901180.MOV', 0),
(4773, -1, -1, 1, 1, -1, -1, -1, '../SEN-KEN/2021SEN_KEN/volleyball/06/2108031901181.MOV', 0),
(4774, -1, -1, 1, 1, -1, -1, -1, '../SEN-KEN/2021SEN_KEN/volleyball/06/2108031901340.MOV', 0),
(4775, -1, -1, 1, 1, -1, -1, -1, '../SEN-KEN/2021SEN_KEN/volleyball/06/2108031901350.MOV', 0),
(4776, -1, -1, 1, 1, -1, -1, -1, '../SEN-KEN/2021SEN_KEN/volleyball/06/2108031901490.MOV', 0),
(4777, -1, -1, 1, 1, -1, -1, -1, '../SEN-KEN/2021SEN_KEN/volleyball/06/2108031901500.MOV', 0),
(4778, -1, -1, 1, 1, -1, -1, -1, '../SEN-KEN/2021SEN_KEN/volleyball/06/2108031902070.MOV', 0),
(4779, -1, -1, 1, 1, -1, -1, -1, '../SEN-KEN/2021SEN_KEN/volleyball/06/2108031902071.MOV', 0),
(4780, -1, -1, 1, 1, -1, -1, -1, '../SEN-KEN/2021SEN_KEN/volleyball/06/2108031902480.MOV', 0),
(4781, -1, -1, 1, 1, -1, -1, -1, '../SEN-KEN/2021SEN_KEN/volleyball/06/2108031902490.MOV', 0),
(4782, -1, -1, 1, 1, -1, -1, -1, '../SEN-KEN/2021SEN_KEN/volleyball/06/2108031910180.MOV', 0),
(4783, -1, -1, 1, 1, -1, -1, -1, '../SEN-KEN/2021SEN_KEN/volleyball/06/2108031911480.MOV', 0),
(4784, -1, -1, 1, 1, -1, -1, -1, '../SEN-KEN/2021SEN_KEN/volleyball/06/2108031911481.MOV', 0),
(4785, -1, -1, 1, 1, -1, -1, -1, '../SEN-KEN/2021SEN_KEN/volleyball/06/2108031912270.MOV', 0),
(4786, -1, -1, 1, 1, -1, -1, -1, '../SEN-KEN/2021SEN_KEN/volleyball/06/2108031912271.MOV', 0),
(4787, -1, -1, 1, 1, -1, -1, -1, '../SEN-KEN/2021SEN_KEN/volleyball/06/2108031913070.MOV', 0),
(4788, -1, -1, 1, 1, -1, -1, -1, '../SEN-KEN/2021SEN_KEN/volleyball/06/2108031913071.MOV', 0),
(4789, -1, -1, 1, 1, -1, -1, -1, '../SEN-KEN/2021SEN_KEN/volleyball/06/2108031913220.MOV', 0),
(4790, -1, -1, 1, 1, -1, -1, -1, '../SEN-KEN/2021SEN_KEN/volleyball/06/2108031913221.MOV', 0),
(4791, -1, -1, 1, 1, -1, -1, -1, '../SEN-KEN/2021SEN_KEN/volleyball/06/2108031913370.MOV', 0),
(4792, -1, -1, 1, 1, -1, -1, -1, '../SEN-KEN/2021SEN_KEN/volleyball/06/2108031913371.MOV', 0),
(4793, -1, -1, 1, 1, -1, -1, -1, '../SEN-KEN/2021SEN_KEN/volleyball/06/2108031913560.MOV', 0),
(4794, -1, -1, 1, 1, -1, -1, -1, '../SEN-KEN/2021SEN_KEN/volleyball/06/2108031913561.MOV', 0),
(4795, -1, -1, 1, 1, -1, -1, -1, '../SEN-KEN/2021SEN_KEN/volleyball/06/2108031914140.MOV', 0),
(4796, -1, -1, 1, 1, -1, -1, -1, '../SEN-KEN/2021SEN_KEN/volleyball/06/2108031914141.MOV', 0),
(4797, -1, -1, 1, 1, -1, -1, -1, '../SEN-KEN/2021SEN_KEN/volleyball/06/2108031914300.MOV', 0),
(4798, -1, -1, 1, 1, -1, -1, -1, '../SEN-KEN/2021SEN_KEN/volleyball/06/2108031914430.MOV', 0),
(4799, -1, -1, 1, 1, -1, -1, -1, '../SEN-KEN/2021SEN_KEN/volleyball/06/2108031915040.MOV', 0),
(4800, -1, -1, 1, 1, -1, -1, -1, '../SEN-KEN/2021SEN_KEN/volleyball/06/2108031915050.MOV', 0),
(4801, -1, -1, 1, 1, -1, -1, -1, '../SEN-KEN/2021SEN_KEN/volleyball/06/2108041906330.MOV', 0),
(4802, -1, -1, 1, 1, -1, -1, -1, '../SEN-KEN/2021SEN_KEN/volleyball/06/2108041906570.MOV', 0),
(4803, -1, -1, 1, 1, -1, -1, -1, '../SEN-KEN/2021SEN_KEN/volleyball/06/2108041907300.MOV', 0),
(4804, -1, -1, 1, 1, -1, -1, -1, '../SEN-KEN/2021SEN_KEN/volleyball/06/2108041907500.MOV', 0),
(4805, -1, -1, 1, 1, -1, -1, -1, '../SEN-KEN/2021SEN_KEN/volleyball/06/2108041908210.MOV', 0),
(4806, -1, -1, 1, 1, -1, -1, -1, '../SEN-KEN/2021SEN_KEN/volleyball/06/2108041914590.MOV', 0),
(4807, -1, -1, 1, 1, -1, -1, -1, '../SEN-KEN/2021SEN_KEN/volleyball/06/2108041915370.MOV', 0),
(4808, -1, -1, 1, 1, -1, -1, -1, '../SEN-KEN/2021SEN_KEN/volleyball/06/2108041915510.MOV', 0),
(4809, -1, -1, 1, 1, -1, -1, -1, '../SEN-KEN/2021SEN_KEN/volleyball/06/2108041916050.MOV', 0),
(4810, -1, -1, 1, 1, -1, -1, -1, '../SEN-KEN/2021SEN_KEN/volleyball/06/2108041916260.MOV', 0),
(4811, -1, -1, 1, 1, -1, -1, -1, '../SEN-KEN/2021SEN_KEN/volleyball/06/2108041916400.MOV', 0),
(4812, -1, -1, 1, 1, -1, -1, -1, '../SEN-KEN/2021SEN_KEN/volleyball/06/2108041916560.MOV', 0),
(4813, -1, -1, 1, 1, -1, -1, -1, '../SEN-KEN/2021SEN_KEN/volleyball/06/2108041923020.MOV', 0),
(4814, -1, -1, 1, 1, -1, -1, -1, '../SEN-KEN/2021SEN_KEN/volleyball/06/2108041923350.MOV', 0),
(4815, -1, -1, 1, 1, -1, -1, -1, '../SEN-KEN/2021SEN_KEN/volleyball/06/2108041924340.MOV', 0),
(4816, -1, -1, 1, 1, -1, -1, -1, '../SEN-KEN/2021SEN_KEN/volleyball/06/2108041925000.MOV', 0),
(4817, -1, -1, 1, 1, -1, -1, -1, '../SEN-KEN/2021SEN_KEN/volleyball/06/2108041925300.MOV', 0),
(4818, -1, -1, 1, 1, -1, -1, -1, '../SEN-KEN/2021SEN_KEN/volleyball/06/2108041925430.MOV', 0),
(4819, -1, -1, 1, 1, -1, -1, -1, '../SEN-KEN/2021SEN_KEN/volleyball/06/2108041927110.MOV', 0),
(4820, -1, -1, 1, 1, -1, -1, -1, '../SEN-KEN/2021SEN_KEN/volleyball/06/2108041927300.MOV', 0),
(4821, -1, -1, 1, 1, -1, -1, -1, '../SEN-KEN/2021SEN_KEN/volleyball/06/2108041928060.MOV', 0),
(4822, -1, -1, 1, 1, -1, -1, -1, '../SEN-KEN/2021SEN_KEN/volleyball/07/2108031850590.MOV', 0),
(4823, -1, -1, 1, 1, -1, -1, -1, '../SEN-KEN/2021SEN_KEN/volleyball/07/2108031851000.MOV', 0),
(4824, -1, -1, 1, 1, -1, -1, -1, '../SEN-KEN/2021SEN_KEN/volleyball/07/2108031851290.MOV', 0),
(4825, -1, -1, 1, 1, -1, -1, -1, '../SEN-KEN/2021SEN_KEN/volleyball/07/2108031851300.MOV', 0),
(4826, -1, -1, 1, 1, -1, -1, -1, '../SEN-KEN/2021SEN_KEN/volleyball/07/2108031851430.MOV', 0),
(4827, -1, -1, 1, 1, -1, -1, -1, '../SEN-KEN/2021SEN_KEN/volleyball/07/2108031851440.MOV', 0),
(4828, -1, -1, 1, 1, -1, -1, -1, '../SEN-KEN/2021SEN_KEN/volleyball/07/2108031852050.MOV', 0),
(4829, -1, -1, 1, 1, -1, -1, -1, '../SEN-KEN/2021SEN_KEN/volleyball/07/2108031852060.MOV', 0),
(4830, -1, -1, 1, 1, -1, -1, -1, '../SEN-KEN/2021SEN_KEN/volleyball/07/210803185221.MOV', 0),
(4831, -1, -1, 1, 1, -1, -1, -1, '../SEN-KEN/2021SEN_KEN/volleyball/07/2108031852210.MOV', 0),
(4832, -1, -1, 1, 1, -1, -1, -1, '../SEN-KEN/2021SEN_KEN/volleyball/07/2108031852390.MOV', 0),
(4833, -1, -1, 1, 1, -1, -1, -1, '../SEN-KEN/2021SEN_KEN/volleyball/07/2108031852400.MOV', 0),
(4834, -1, -1, 1, 1, -1, -1, -1, '../SEN-KEN/2021SEN_KEN/volleyball/07/2108031853030.MOV', 0),
(4835, -1, -1, 1, 1, -1, -1, -1, '../SEN-KEN/2021SEN_KEN/volleyball/07/2108031853040.MOV', 0),
(4836, -1, -1, 1, 1, -1, -1, -1, '../SEN-KEN/2021SEN_KEN/volleyball/07/2108031853470.MOV', 0),
(4837, -1, -1, 1, 1, -1, -1, -1, '../SEN-KEN/2021SEN_KEN/volleyball/07/2108031853471.MOV', 0),
(4838, -1, -1, 1, 1, -1, -1, -1, '../SEN-KEN/2021SEN_KEN/volleyball/07/2108031854070.MOV', 0),
(4839, -1, -1, 1, 1, -1, -1, -1, '../SEN-KEN/2021SEN_KEN/volleyball/07/2108031854071.MOV', 0),
(4840, -1, -1, 1, 1, -1, -1, -1, '../SEN-KEN/2021SEN_KEN/volleyball/07/2108031903230.MOV', 0),
(4841, -1, -1, 1, 1, -1, -1, -1, '../SEN-KEN/2021SEN_KEN/volleyball/07/2108031903231.MOV', 0),
(4842, -1, -1, 1, 1, -1, -1, -1, '../SEN-KEN/2021SEN_KEN/volleyball/07/2108031903350.MOV', 0),
(4843, -1, -1, 1, 1, -1, -1, -1, '../SEN-KEN/2021SEN_KEN/volleyball/07/2108031903351.MOV', 0),
(4844, -1, -1, 1, 1, -1, -1, -1, '../SEN-KEN/2021SEN_KEN/volleyball/07/2108031903480.MOV', 0),
(4845, -1, -1, 1, 1, -1, -1, -1, '../SEN-KEN/2021SEN_KEN/volleyball/07/2108031903490.MOV', 0),
(4846, -1, -1, 1, 1, -1, -1, -1, '../SEN-KEN/2021SEN_KEN/volleyball/07/2108031904000.MOV', 0),
(4847, -1, -1, 1, 1, -1, -1, -1, '../SEN-KEN/2021SEN_KEN/volleyball/07/2108031904010.MOV', 0),
(4848, -1, -1, 1, 1, -1, -1, -1, '../SEN-KEN/2021SEN_KEN/volleyball/07/2108031904130.MOV', 0),
(4849, -1, -1, 1, 1, -1, -1, -1, '../SEN-KEN/2021SEN_KEN/volleyball/07/2108031904131.MOV', 0),
(4850, -1, -1, 1, 1, -1, -1, -1, '../SEN-KEN/2021SEN_KEN/volleyball/07/2108031904260.MOV', 0),
(4851, -1, -1, 1, 1, -1, -1, -1, '../SEN-KEN/2021SEN_KEN/volleyball/07/2108031904261.MOV', 0),
(4852, -1, -1, 1, 1, -1, -1, -1, '../SEN-KEN/2021SEN_KEN/volleyball/07/2108031904380.MOV', 0),
(4853, -1, -1, 1, 1, -1, -1, -1, '../SEN-KEN/2021SEN_KEN/volleyball/07/2108031904390.MOV', 0),
(4854, -1, -1, 1, 1, -1, -1, -1, '../SEN-KEN/2021SEN_KEN/volleyball/07/2108031904540.MOV', 0),
(4855, -1, -1, 1, 1, -1, -1, -1, '../SEN-KEN/2021SEN_KEN/volleyball/07/2108031904541.MOV', 0),
(4856, -1, -1, 1, 1, -1, -1, -1, '../SEN-KEN/2021SEN_KEN/volleyball/07/2108031905080.MOV', 0),
(4857, -1, -1, 1, 1, -1, -1, -1, '../SEN-KEN/2021SEN_KEN/volleyball/07/2108031905090.MOV', 0),
(4858, -1, -1, 1, 1, -1, -1, -1, '../SEN-KEN/2021SEN_KEN/volleyball/07/2108031905220.MOV', 0),
(4859, -1, -1, 1, 1, -1, -1, -1, '../SEN-KEN/2021SEN_KEN/volleyball/07/2108031905221.MOV', 0),
(4860, -1, -1, 1, 1, -1, -1, -1, '../SEN-KEN/2021SEN_KEN/volleyball/07/2108031905370.MOV', 0),
(4861, -1, -1, 1, 1, -1, -1, -1, '../SEN-KEN/2021SEN_KEN/volleyball/07/2108031905550.MOV', 0),
(4862, -1, -1, 1, 1, -1, -1, -1, '../SEN-KEN/2021SEN_KEN/volleyball/07/2108031915550.MOV', 0),
(4863, -1, -1, 1, 1, -1, -1, -1, '../SEN-KEN/2021SEN_KEN/volleyball/07/2108031915551.MOV', 0),
(4864, -1, -1, 1, 1, -1, -1, -1, '../SEN-KEN/2021SEN_KEN/volleyball/07/2108031916070.MOV', 0),
(4865, -1, -1, 1, 1, -1, -1, -1, '../SEN-KEN/2021SEN_KEN/volleyball/07/2108031916080.MOV', 0),
(4866, -1, -1, 1, 1, -1, -1, -1, '../SEN-KEN/2021SEN_KEN/volleyball/07/2108031916240.MOV', 0),
(4867, -1, -1, 1, 1, -1, -1, -1, '../SEN-KEN/2021SEN_KEN/volleyball/07/2108031916250.MOV', 0),
(4868, -1, -1, 1, 1, -1, -1, -1, '../SEN-KEN/2021SEN_KEN/volleyball/07/2108031916580.MOV', 0),
(4869, -1, -1, 1, 1, -1, -1, -1, '../SEN-KEN/2021SEN_KEN/volleyball/07/2108031916581.MOV', 0),
(4870, -1, -1, 1, 1, -1, -1, -1, '../SEN-KEN/2021SEN_KEN/volleyball/07/2108031917120.MOV', 0),
(4871, -1, -1, 1, 1, -1, -1, -1, '../SEN-KEN/2021SEN_KEN/volleyball/07/2108031917130.MOV', 0),
(4872, -1, -1, 1, 1, -1, -1, -1, '../SEN-KEN/2021SEN_KEN/volleyball/07/2108031917300.MOV', 0),
(4873, -1, -1, 1, 1, -1, -1, -1, '../SEN-KEN/2021SEN_KEN/volleyball/07/2108031917301.MOV', 0),
(4874, -1, -1, 1, 1, -1, -1, -1, '../SEN-KEN/2021SEN_KEN/volleyball/07/2108031917490.MOV', 0),
(4875, -1, -1, 1, 1, -1, -1, -1, '../SEN-KEN/2021SEN_KEN/volleyball/07/2108031917491.MOV', 0),
(4876, -1, -1, 1, 1, -1, -1, -1, '../SEN-KEN/2021SEN_KEN/volleyball/07/2108031918400.MOV', 0),
(4877, -1, -1, 1, 1, -1, -1, -1, '../SEN-KEN/2021SEN_KEN/volleyball/07/2108031918410.MOV', 0),
(4878, -1, -1, 1, 1, -1, -1, -1, '../SEN-KEN/2021SEN_KEN/volleyball/07/2108031918550.MOV', 0),
(4879, -1, -1, 1, 1, -1, -1, -1, '../SEN-KEN/2021SEN_KEN/volleyball/07/2108031918551.MOV', 3),
(4880, -1, -1, 1, 1, -1, -1, -1, '../SEN-KEN/2021SEN_KEN/volleyball/99/a.MOV', 0),
(4881, -1, -1, 1, 1, -1, -1, -1, '../SEN-KEN/2021SEN_KEN/volleyball/99/b.MOV', 0),
(4882, -1, -1, 1, 1, -1, -1, -1, '../SEN-KEN/2021SEN_KEN/volleyball/99/IMG_1006.MOV', 0),
(4883, -1, -1, 1, 1, -1, -1, -1, '../SEN-KEN/2021SEN_KEN/volleyball/99/IMG_1007.MOV', 0),
(4884, -1, -1, 1, 1, -1, -1, -1, '../SEN-KEN/2021SEN_KEN/volleyball/99/IMG_1008.MOV', 0),
(4885, -1, -1, 1, 1, -1, -1, -1, '../SEN-KEN/2021SEN_KEN/volleyball/99/IMG_1009.MOV', 0),
(4886, -1, -1, 1, 1, -1, -1, -1, '../2021SEN_KEN/volleyball/02/2106041909031.MOV', 0),
(4887, -1, -1, 1, 1, -1, -1, -1, '../2021SEN_KEN/volleyball/02/2106041909032.MOV', 0),
(4888, -1, -1, 1, 1, -1, -1, -1, '../2021SEN_KEN/volleyball/99/a.MOV', 0),
(4889, -1, -1, 1, 1, -1, -1, -1, '../2021SEN_KEN/volleyball/99/b.MOV', 0),
(4890, -1, -1, 1, 1, -1, -1, -1, '../2021SEN_KEN/volleyball/99/IMG_1006.MOV', 0),
(4891, -1, -1, 1, 1, -1, -1, -1, '../2021SEN_KEN/volleyball/99/IMG_1007.MOV', 0),
(4892, -1, -1, 1, 1, -1, -1, -1, '../2021SEN_KEN/volleyball/99/IMG_1008.MOV', 0),
(4893, -1, -1, 1, 1, -1, -1, -1, '../2021SEN_KEN/volleyball/99/IMG_1009.MOV', 0),
(4894, -1, -1, 2, 1, -1, -1, -1, '../2021SEN_KEN/badminton/02/2108031941311.MOV', 3);

-- --------------------------------------------------------

--
-- テーブルの構造 `yolo_video_tables`
--

CREATE TABLE `yolo_video_tables` (
  `video_id` int(11) NOT NULL,
  `frame1` int(11) NOT NULL,
  `frame2` int(11) NOT NULL,
  `ball_id` int(11) NOT NULL,
  `player_id` int(11) NOT NULL,
  `ans_id` int(11) NOT NULL,
  `x_coordinate` float NOT NULL,
  `y_coordinate` float NOT NULL,
  `video_path` varchar(55) CHARACTER SET utf8 COLLATE utf8_bin NOT NULL,
  `yolo_flag` int(11) NOT NULL
) ENGINE=InnoDB DEFAULT CHARSET=utf8mb4;

--
-- テーブルのデータのダンプ `yolo_video_tables`
--

INSERT INTO `yolo_video_tables` (`video_id`, `frame1`, `frame2`, `ball_id`, `player_id`, `ans_id`, `x_coordinate`, `y_coordinate`, `video_path`, `yolo_flag`) VALUES
(1, 1361, 1430, 1, 1, 7, 0.240345, 0.976723, '../2021SEN_KEN/volleyball/1/IMG_0200.MOV', 4),
(2, 1173, 1185, 1, 1, 8, 0.368978, 0.450414, '../2021SEN_KEN/volleyball/1/IMG_0201.MOV', 4),
(3, 1296, 1308, 1, 1, 9, 0.76168, 0.885246, '../2021SEN_KEN/volleyball/1/IMG_0207.MOV', 4),
(4, 1181, 1191, 1, 1, 6, 0.937037, 0.60037, '../2021SEN_KEN/volleyball/1/IMG_0208.MOV', 4),
(5, 1327, 1398, 1, 1, 9, 0.897636, 0.960878, '../2021SEN_KEN/volleyball/1/IMG_0209.MOV', 4),
(6, 1271, 1351, 1, 1, 5, 0.533134, 0.417882, '../2021SEN_KEN/volleyball/1/IMG_0210.MOV', 4),
(7, 1270, 1284, 1, 1, 9, 0.820257, 0.766343, '../2021SEN_KEN/volleyball/1/IMG_0212.MOV', 4),
(8, 1319, 1383, 1, 1, 5, 0.515218, 0.416855, '../2021SEN_KEN/volleyball/1/IMG_0213.MOV', 4),
(9, 1395, 1465, 1, 1, 2, 0.590841, 0.012521, '../2021SEN_KEN/volleyball/1/IMG_0214.MOV', 4),
(10, 1241, 1302, 1, 1, 6, 0.884127, 0.52203, '../2021SEN_KEN/volleyball/1/IMG_0215.MOV', 4),
(11, 1272, 1278, 1, 1, 2, 0.547837, 0.066614, '../2021SEN_KEN/volleyball/1/IMG_0217.MOV', 4),
(12, 1372, 1379, 1, 1, 2, 0.611232, 0.034754, '../2021SEN_KEN/volleyball/1/IMG_0218.MOV', 4),
(13, 1304, 1313, 1, 1, 6, 0.986259, 0.510076, '../2021SEN_KEN/volleyball/1/IMG_0220.MOV', 4),
(14, 1218, 1231, 1, 1, 6, 0.879567, 0.49481, '../2021SEN_KEN/volleyball/1/IMG_0222.MOV', 4),
(15, 1214, 1238, 1, 1, 2, 0.609697, 0.011667, '../2021SEN_KEN/volleyball/1/IMG_0224.MOV', 4),
(16, 1213, 1230, 1, 1, 7, 0.269316, 0.858009, '../2021SEN_KEN/volleyball/1/IMG_0226.MOV', 4),
(17, 1215, 1265, 1, 1, 5, 0.539901, 0.620826, '../2021SEN_KEN/volleyball/1/IMG_0227.MOV', 4),
(18, 1252, 1272, 1, 1, 5, 0.630041, 0.436292, '../2021SEN_KEN/volleyball/1/IMG_0228.MOV', 4),
(19, 1170, 1180, 1, 1, 9, 0.755702, 0.672104, '../2021SEN_KEN/volleyball/1/IMG_0229.MOV', 4),
(20, 1200, 1239, 1, 1, 6, 0.962066, 0.652135, '../2021SEN_KEN/volleyball/1/IMG_0230.MOV', 4),
(21, 1193, 1253, 1, 1, 9, 0.956052, 0.850293, '../2021SEN_KEN/volleyball/1/IMG_0231.MOV', 4),
(22, 1206, 1272, 1, 1, 6, 0.992228, 0.627741, '../2021SEN_KEN/volleyball/1/IMG_0232.MOV', 4),
(23, 1102, 1113, 1, 1, 6, 0.670048, 0.610107, '../2021SEN_KEN/volleyball/1/IMG_0233.MOV', 4),
(24, 1215, 1231, 1, 1, 8, 0.497182, 0.880787, '../2021SEN_KEN/volleyball/1/IMG_0234.MOV', 4),
(25, 1226, 1246, 1, 1, 9, 0.896956, 0.843569, '../2021SEN_KEN/volleyball/1/IMG_0236.MOV', 4),
(26, 1208, 1218, 1, 1, 8, 0.413139, 0.893066, '../2021SEN_KEN/volleyball/1/IMG_0238.MOV', 4),
(27, 1137, 1144, 1, 1, 9, 0.802063, 0.834864, '../2021SEN_KEN/volleyball/1/IMG_0239.MOV', 4),
(28, 1302, 1388, 1, 1, 6, 0.703037, 0.505723, '../2021SEN_KEN/volleyball/1/IMG_0242.MOV', 4),
(29, 1271, 1278, 1, 1, 9, 0.966962, 0.728377, '../2021SEN_KEN/volleyball/1/IMG_0243.MOV', 4),
(30, 1242, 1247, 1, 1, 6, 0.979284, 0.661479, '../2021SEN_KEN/volleyball/1/IMG_0244.MOV', 4),
(31, 1260, 1300, 1, 1, 9, 0.81502, 0.928554, '../2021SEN_KEN/volleyball/1/IMG_0245.MOV', 4),
(32, 1203, 1209, 1, 1, 9, 0.974861, 0.768115, '../2021SEN_KEN/volleyball/1/IMG_0246.MOV', 4),
(33, 1278, 1344, 1, 1, 7, 0.180866, 0.950548, '../2021SEN_KEN/volleyball/1/IMG_0298.MOV', 4),
(34, 1188, 1248, 1, 1, 5, 0.398091, 0.48647, '../2021SEN_KEN/volleyball/1/IMG_0299.MOV', 4),
(35, 1215, 1270, 1, 1, 7, 0.006382, 0.715269, '../2021SEN_KEN/volleyball/1/IMG_0302.MOV', 4),
(36, 1155, 1230, 1, 1, 4, 0.313382, 0.454904, '../2021SEN_KEN/volleyball/1/IMG_0303.MOV', 4),
(37, 1106, 1176, 1, 1, 7, 0.005198, 0.905859, '../2021SEN_KEN/volleyball/1/IMG_0304.MOV', 4),
(38, 1076, 1129, 1, 1, 4, 0.003715, 0.627628, '../2021SEN_KEN/volleyball/1/IMG_0308.MOV', 4),
(39, 1281, 1350, 1, 1, 7, 0.183355, 0.985329, '../2021SEN_KEN/volleyball/1/IMG_0309.MOV', 4),
(40, 1180, 1257, 1, 1, 5, 0.401921, 0.367827, '../2021SEN_KEN/volleyball/1/IMG_0313.MOV', 4),
(41, 1157, 1235, 1, 1, 7, 0.011471, 0.975995, '../2021SEN_KEN/volleyball/1/IMG_0315.MOV', 4),
(42, 1134, 1231, 1, 1, 5, 0.389526, 0.367629, '../2021SEN_KEN/volleyball/1/IMG_0316.MOV', 4),
(43, 1349, 1453, 1, 1, 2, 0.468761, 0.00150603, '../2021SEN_KEN/volleyball/1/IMG_0317.MOV', 4),
(44, 1215, 1312, 1, 1, 9, 0.772019, 0.926261, '../2021SEN_KEN/volleyball/1/IMG_0318.MOV', 4),
(45, 1133, 1206, 1, 1, 9, 0.757644, 0.950295, '../2021SEN_KEN/volleyball/1/IMG_0320.MOV', 4),
(46, 1236, 1313, 1, 1, 8, 0.575161, 0.952528, '../2021SEN_KEN/volleyball/1/IMG_0321.MOV', 4),
(47, 1148, 1228, 1, 1, 9, 0.945064, 0.956797, '../2021SEN_KEN/volleyball/1/IMG_0322.MOV', 4),
(48, 1224, 1342, 1, 1, 5, 0.349492, 0.382636, '../2021SEN_KEN/volleyball/1/IMG_0323.MOV', 4),
(120, 727, 803, 1, 1, 6, 0.736173, 0.61206, '../2021SEN_KEN/volleyball/1/IMG_0564.MOV', 2),
(121, 633, 704, 1, 1, 9, 0.646869, 0.464813, '../2021SEN_KEN/volleyball/1/IMG_0565.MOV', 2),
(122, 1023, 1068, 1, 1, 8, 0.818205, 0.824208, '../2021SEN_KEN/volleyball/1/IMG_0566.MOV', 2),
(123, 945, 1045, 1, 1, 9, 0.807385, 0.826218, '../2021SEN_KEN/volleyball/1/IMG_0568.MOV', 2),
(124, 890, 1009, 1, 1, 6, 0.96983, 0.663117, '../2021SEN_KEN/volleyball/1/IMG_0569.MOV', 2),
(125, 813, 869, 1, 1, 8, 0.780208, 0.775201, '../2021SEN_KEN/volleyball/1/IMG_0570.MOV', 2),
(126, 858, 939, 1, 1, 9, 0.796676, 0.826439, '../2021SEN_KEN/volleyball/1/IMG_0571.MOV', 2),
(127, 792, 861, 1, 1, 9, 0.755151, 0.68796, '../2021SEN_KEN/volleyball/1/IMG_0572.MOV', 2),
(128, 937, 1016, 1, 1, 6, 0.824724, 0.690793, '../2021SEN_KEN/volleyball/1/IMG_0573.MOV', 2),
(129, 835, 910, 1, 1, 6, 0.791829, 0.796434, '../2021SEN_KEN/volleyball/1/IMG_0574.MOV', 2),
(130, 932, 979, 1, 1, 6, 0.810458, 0.848138, '../2021SEN_KEN/volleyball/1/IMG_0575.MOV', 2),
(131, 845, 885, 1, 1, 6, 0.772865, 0.75989, '../2021SEN_KEN/volleyball/1/IMG_0576.MOV', 2),
(132, 822, 923, 1, 1, 6, 0.981999, 0.621062, '../2021SEN_KEN/volleyball/1/IMG_0577.MOV', 2),
(133, 845, 904, 1, 1, 6, 0.796478, 0.825469, '../2021SEN_KEN/volleyball/1/IMG_0578.MOV', 2),
(134, 916, 1016, 1, 1, 7, 0.729415, 0.698969, '../2021SEN_KEN/volleyball/1/IMG_0580.MOV', 2),
(135, 819, 900, 1, 1, 7, 0.748797, 0.717818, '../2021SEN_KEN/volleyball/1/IMG_0581.MOV', 2),
(136, 874, 962, 1, 1, 7, 0.782956, 0.840209, '../2021SEN_KEN/volleyball/1/IMG_0582.MOV', 2),
(137, 818, 928, 1, 1, 8, 0.757848, 0.798321, '../2021SEN_KEN/volleyball/1/IMG_0583.MOV', 2),
(138, 839, 919, 1, 1, 7, 0.769875, 0.823929, '../2021SEN_KEN/volleyball/1/IMG_0584.MOV', 2),
(139, 866, 936, 1, 1, 6, 0.798492, 0.660974, '../2021SEN_KEN/volleyball/1/IMG_0585.MOV', 2),
(140, 767, 837, 1, 1, 9, 0.798544, 0.660143, '../2021SEN_KEN/volleyball/1/IMG_0587.MOV', 2),
(141, 852, 903, 1, 1, 9, 0.844331, 0.97788, '../2021SEN_KEN/volleyball/1/IMG_0588.MOV', 2),
(142, 881, 985, 1, 1, 9, 0.406081, 0.685687, '../2021SEN_KEN/volleyball/1/IMG_0590.MOV', 2),
(143, 464, 544, 1, 1, 6, 0.48751, 0.450528, '../2021SEN_KEN/volleyball/1/IMG_0591.MOV', 2),
(144, 849, 906, 1, 1, 9, 0.409746, 0.713584, '../2021SEN_KEN/volleyball/1/IMG_0592.MOV', 2),
(145, 790, 854, 1, 1, 6, 0.980724, 0.523651, '../2021SEN_KEN/volleyball/1/IMG_0593.MOV', 2),
(146, 854, 913, 1, 1, 6, 0.798854, 0.66128, '../2021SEN_KEN/volleyball/1/IMG_0595.MOV', 2),
(147, 771, 847, 1, 1, 6, 0.407379, 0.576312, '../2021SEN_KEN/volleyball/1/IMG_0596.MOV', 2),
(148, 888, 942, 1, 1, 6, 0.79871, 0.668254, '../2021SEN_KEN/volleyball/1/IMG_0597.MOV', 2),
(149, 797, 868, 1, 1, 9, 0.443443, 0.671957, '../2021SEN_KEN/volleyball/1/IMG_0598.MOV', 2),
(150, 831, 922, 1, 1, 7, 0.442351, 0.650397, '../2021SEN_KEN/volleyball/1/IMG_0599.MOV', 2),
(151, 652, 715, 1, 1, 7, 0.481844, 0.443821, '../2021SEN_KEN/volleyball/1/IMG_0600.MOV', 2),
(152, 735, 835, 1, 1, 4, 0.274843, 0.452958, '../2021SEN_KEN/volleyball/1/IMG_0601.MOV', 2),
(153, 781, 866, 1, 1, 7, 0.445199, 0.619122, '../2021SEN_KEN/volleyball/1/IMG_0603.MOV', 2),
(154, 802, 876, 1, 1, 6, 0.425462, 0.597061, '../2021SEN_KEN/volleyball/1/IMG_0604.MOV', 2),
(155, 753, 796, 1, 1, 6, 0.44193, 0.509613, '../2021SEN_KEN/volleyball/1/IMG_0605.MOV', 2),
(156, 804, 859, 1, 1, 6, 0.439691, 0.630134, '../2021SEN_KEN/volleyball/1/IMG_0606.MOV', 2),
(157, 866, 926, 1, 1, 6, 0.438643, 0.636842, '../2021SEN_KEN/volleyball/1/IMG_0610.MOV', 2),
(158, 852, 926, 1, 1, 8, 0.430166, 0.79809, '../2021SEN_KEN/volleyball/1/IMG_0612.MOV', 2),
(159, 878, 983, 1, 1, 7, 0.423659, 0.747731, '../2021SEN_KEN/volleyball/1/IMG_0614.MOV', 2),
(160, 799, 880, 1, 1, 8, 0.399876, 0.951975, '../2021SEN_KEN/volleyball/1/IMG_0615.MOV', 2),
(161, 834, 985, 1, 1, 8, 0.586782, 0.506616, '../2021SEN_KEN/volleyball/1/IMG_0616.MOV', 2),
(162, 917, 997, 1, 1, 9, 0.405606, 0.807784, '../2021SEN_KEN/volleyball/1/IMG_0617.MOV', 2),
(163, 770, 835, 1, 1, 6, 0.418409, 0.735665, '../2021SEN_KEN/volleyball/1/IMG_0618.MOV', 2),
(164, 759, 824, 1, 1, 9, 0.413637, 0.735678, '../2021SEN_KEN/volleyball/1/IMG_0619.MOV', 2),
(165, 771, 826, 1, 1, 9, 0.411604, 0.785169, '../2021SEN_KEN/volleyball/1/IMG_0620.MOV', 2),
(166, 758, 834, 1, 1, 9, 0.791899, 0.71482, '../2021SEN_KEN/volleyball/1/IMG_0621.MOV', 2),
(167, 751, 801, 1, 1, 6, 0.435063, 0.60033, '../2021SEN_KEN/volleyball/1/IMG_0622.MOV', 2),
(168, 866, 993, 1, 1, 6, 0.799985, 0.505997, '../2021SEN_KEN/volleyball/1/IMG_0623.MOV', 2),
(169, 807, 857, 1, 1, 9, 0.428671, 0.7191, '../2021SEN_KEN/volleyball/1/IMG_0624.MOV', 2),
(170, 696, 756, 1, 1, 6, 0.494931, 0.479836, '../2021SEN_KEN/volleyball/1/IMG_0625.MOV', 2),
(171, 345, 394, 1, 1, 6, 0.491829, 0.336336, '../2021SEN_KEN/volleyball/1/IMG_0627.MOV', 2);

--
-- ダンプしたテーブルのインデックス
--

--
-- テーブルのインデックス `answer_table`
--
ALTER TABLE `answer_table`
  ADD PRIMARY KEY (`ans_id`);

--
-- テーブルのインデックス `users`
--
ALTER TABLE `users`
  ADD PRIMARY KEY (`id`);

--
-- テーブルのインデックス `yolo_video_table`
--
ALTER TABLE `yolo_video_table`
  ADD PRIMARY KEY (`video_id`);

--
-- テーブルのインデックス `yolo_video_tables`
--
ALTER TABLE `yolo_video_tables`
  ADD UNIQUE KEY `id` (`video_id`) USING BTREE;

--
-- ダンプしたテーブルの AUTO_INCREMENT
--

--
-- テーブルの AUTO_INCREMENT `answer_table`
--
ALTER TABLE `answer_table`
  MODIFY `ans_id` int(11) NOT NULL AUTO_INCREMENT, AUTO_INCREMENT=213;

--
-- テーブルの AUTO_INCREMENT `users`
--
ALTER TABLE `users`
  MODIFY `id` int(11) NOT NULL AUTO_INCREMENT, AUTO_INCREMENT=31;

--
-- テーブルの AUTO_INCREMENT `yolo_video_table`
--
ALTER TABLE `yolo_video_table`
  MODIFY `video_id` int(11) NOT NULL AUTO_INCREMENT, AUTO_INCREMENT=4895;

--
-- テーブルの AUTO_INCREMENT `yolo_video_tables`
--
ALTER TABLE `yolo_video_tables`
  MODIFY `video_id` int(11) NOT NULL AUTO_INCREMENT, AUTO_INCREMENT=6822;
COMMIT;

/*!40101 SET CHARACTER_SET_CLIENT=@OLD_CHARACTER_SET_CLIENT */;
/*!40101 SET CHARACTER_SET_RESULTS=@OLD_CHARACTER_SET_RESULTS */;
/*!40101 SET COLLATION_CONNECTION=@OLD_COLLATION_CONNECTION */;
